timestamp,left_angle,right_angle,left_velocity,right_velocity,phase_left,phase_right,assist_left,assist_right,motion_detected,assist_enabled
2025-12-07 16:48:55.037,-0.005944,-0.000192,-0.046235,0.039826,0.000000,3.141593,0.000000,0.000000,False,False
2025-12-07 16:48:55.054,-0.009779,-0.000959,0.063630,-0.025177,0.000000,3.141593,0.000000,0.000000,False,False
2025-12-07 16:48:55.214,-0.009779,-0.001342,0.050813,-0.083772,0.123677,3.267529,0.000000,0.000000,False,False
2025-12-07 16:48:55.228,-0.009779,-0.007862,0.013275,-0.146944,0.203188,3.379941,0.000000,0.000000,False,False
2025-12-07 16:48:55.337,-0.009779,-0.008629,0.042573,-0.105745,0.258190,3.481992,0.000000,0.000000,False,False
2025-12-07 16:48:55.350,-0.010163,-0.009396,0.007782,-0.008698,0.299990,3.578742,0.000000,0.000000,False,False
2025-12-07 16:48:55.464,-0.009396,-0.010163,-0.038911,0.034333,0.335134,3.674800,0.000000,0.000000,False,False
2025-12-07 16:48:55.478,-0.009779,-0.010546,-0.048066,-0.063630,0.366977,3.773882,0.000000,0.000000,False,False
2025-12-07 16:48:55.587,-0.010163,-0.010546,-0.096590,-0.024262,0.397763,3.878746,0.000000,0.000000,False,False
2025-12-07 16:48:55.603,-0.009779,-0.011313,0.089265,0.040742,0.429124,3.991216,0.000000,0.000000,False,False
2025-12-07 16:48:55.718,-0.009779,-0.010930,0.022431,0.010529,0.462038,4.111455,0.000000,0.000000,False,False
2025-12-07 16:48:55.733,-0.010546,-0.011313,-0.059052,-0.005035,0.497223,4.238282,0.000000,0.000000,False,False
2025-12-07 16:48:55.844,-0.010163,-0.011313,0.011444,0.054475,0.535654,4.368751,0.000000,0.000000,False,False
2025-12-07 16:48:55.853,-0.010163,-0.011313,-0.073701,-0.009613,0.577943,4.499177,0.000000,0.000000,False,False
2025-12-07 16:48:55.959,-0.010163,-0.011313,-0.076448,-0.002289,0.624761,4.626785,0.000000,0.000000,False,False
2025-12-07 16:48:55.973,-0.010163,-0.010930,0.139620,0.035248,0.676766,4.751267,0.000000,0.000000,False,False
2025-12-07 16:48:56.083,-0.009779,-0.010930,-0.007782,0.023346,0.734661,4.875106,0.000000,0.000000,False,False
2025-12-07 16:48:56.097,-0.010546,-0.010930,-0.004120,0.017853,0.798872,5.002881,0.000000,0.000000,False,False
2025-12-07 16:48:56.198,-0.010546,-0.010930,0.021515,-0.028840,0.870062,5.140798,0.000000,0.000000,False,False
2025-12-07 16:48:56.212,-0.010546,-0.010930,-0.080110,0.037995,0.948646,5.296525,0.000000,0.000000,False,False
2025-12-07 16:48:56.325,-0.010163,-0.010930,0.070039,-0.074617,1.034866,5.477973,0.000000,0.000000,False,False
2025-12-07 16:48:56.335,-0.010163,-0.010930,0.021515,-0.080110,1.128502,5.687605,0.000000,0.000000,False,False
2025-12-07 16:48:56.450,-0.010163,-0.010930,0.003204,0.025177,1.228805,5.910357,0.000000,0.000000,False,False
2025-12-07 16:48:56.464,-0.010546,-0.010930,-0.015106,-0.001373,1.334249,6.111876,0.000000,0.000000,False,False
2025-12-07 16:48:56.573,-0.010930,-0.010930,-0.106661,0.051728,1.442646,6.267448,0.000000,0.000000,False,False
2025-12-07 16:48:56.586,-0.010546,-0.010930,0.050813,-0.040742,1.551556,0.095317,0.000000,0.000000,False,False
2025-12-07 16:48:56.699,-0.010546,-0.010930,0.009613,0.028840,1.658890,0.174500,0.000000,0.000000,False,False
2025-12-07 16:48:56.713,-0.010546,-0.010930,0.009613,-0.016022,1.763489,0.233618,0.000000,0.000000,False,False
2025-12-07 16:48:56.847,-0.010546,-0.010546,0.001373,0.074617,1.865150,0.280965,0.000000,0.000000,False,False
2025-12-07 16:48:56.861,-0.010546,-0.010930,-0.097505,-0.040742,1.964340,0.321652,0.000000,0.000000,False,False
2025-12-07 16:48:56.970,-0.010163,-0.010930,0.046235,0.012360,2.061843,0.359173,0.000000,0.000000,False,False
2025-12-07 16:48:56.979,-0.009779,-0.010930,0.033417,0.005951,2.158584,0.395799,0.000000,0.000000,False,False
2025-12-07 16:48:57.094,-0.010163,-0.010546,0.082856,0.000458,2.255531,0.433219,0.000000,0.000000,False,False
2025-12-07 16:48:57.109,-0.010163,-0.010930,-0.092012,-0.052644,2.353343,0.472516,0.000000,0.000000,False,False
2025-12-07 16:48:57.223,-0.010546,-0.010546,-0.126802,0.048066,2.452403,0.514861,0.000000,0.000000,False,False
2025-12-07 16:48:57.233,-0.010546,-0.010546,-0.071870,0.036164,2.552471,0.561058,0.000000,0.000000,False,False
2025-12-07 16:48:57.341,-0.010546,-0.010930,0.111238,0.044404,2.652783,0.611836,0.000000,0.000000,False,False
2025-12-07 16:48:57.355,-0.010546,-0.010930,0.070039,-0.003204,2.752097,0.667981,0.000000,0.000000,False,False
2025-12-07 16:48:57.462,-0.010546,-0.010546,0.000458,0.062715,2.848933,0.730178,0.000000,0.000000,False,False
2025-12-07 16:48:57.476,-0.010546,-0.010546,-0.008698,0.051728,2.941850,0.798875,0.000000,0.000000,False,False
2025-12-07 16:48:57.609,-0.010163,-0.010546,0.021515,-0.007782,3.029629,0.874455,0.000000,0.000000,False,False
2025-12-07 16:48:57.620,-0.010546,-0.010546,-0.102083,-0.035248,3.111753,0.957134,0.000000,0.000000,False,False
2025-12-07 16:48:57.775,-0.010930,-0.010930,-0.056306,-0.033417,3.188094,1.046868,0.000000,0.000000,False,False
2025-12-07 16:48:57.786,-0.010546,-0.010930,0.039826,0.017853,3.258920,1.143409,0.000000,0.000000,False,False
2025-12-07 16:48:57.888,-0.010546,-0.010930,-0.020600,0.061799,3.325199,1.246043,0.000000,0.000000,False,False
2025-12-07 16:48:57.901,-0.010546,-0.010546,0.056306,0.027924,3.388118,1.353563,0.000000,0.000000,False,False
2025-12-07 16:48:58.008,-0.010546,-0.010546,-0.017853,-0.005951,3.449006,1.464240,0.000000,0.000000,False,False
2025-12-07 16:48:58.020,-0.010546,-0.010546,0.092927,-0.083772,3.509201,1.576214,0.000000,0.000000,False,False
2025-12-07 16:48:58.204,-0.010546,-0.010930,0.040742,0.015106,3.569953,1.687938,0.000000,0.000000,False,False
2025-12-07 16:48:58.216,-0.010930,-0.010930,0.018769,0.080110,3.632427,1.798549,0.000000,0.000000,False,False
2025-12-07 16:48:58.330,-0.010546,-0.010546,0.013275,-0.033417,3.697359,1.907890,0.000000,0.000000,False,False
2025-12-07 16:48:58.340,-0.010930,-0.010930,-0.092927,-0.073701,3.765523,2.016411,0.000000,0.000000,False,False
2025-12-07 16:48:58.443,-0.010930,-0.010930,-0.031586,0.037995,3.837204,2.124807,0.000000,0.000000,False,False
2025-12-07 16:48:58.457,-0.010930,-0.010546,0.034333,0.066377,3.912482,2.233826,0.000000,0.000000,False,False
2025-12-07 16:48:58.559,-0.011313,-0.010930,-0.029755,0.041657,3.991243,2.344187,0.000000,0.000000,False,False
2025-12-07 16:48:58.572,-0.012080,-0.010546,-0.095674,0.000458,4.073171,2.456050,0.000000,0.000000,False,False
2025-12-07 16:48:58.705,-0.012464,-0.010546,0.062715,-0.001373,4.157727,2.569169,0.000000,0.000000,False,False
2025-12-07 16:48:58.715,-0.012847,-0.010546,-0.097505,-0.016022,4.244408,2.682669,0.000000,0.000000,False,False
2025-12-07 16:48:58.843,-0.012464,-0.010546,-0.006867,-0.021515,4.332698,2.795266,0.000000,0.000000,False,False
2025-12-07 16:48:58.857,-0.012464,-0.010930,-0.038911,0.003204,4.422337,2.905634,0.000000,0.000000,False,False
2025-12-07 16:48:58.972,-0.012464,-0.010546,0.071870,0.102998,4.513210,3.012382,0.000000,0.000000,False,False
2025-12-07 16:48:58.982,-0.012847,-0.010930,-0.010529,-0.058137,4.605451,3.114791,0.000000,0.000000,False,False
2025-12-07 16:48:59.103,-0.012847,-0.010930,-0.016022,0.007782,4.699415,3.212413,0.000000,0.000000,False,False
2025-12-07 16:48:59.113,-0.012847,-0.010930,0.049897,0.029755,4.795756,3.305473,0.000000,0.000000,False,False
2025-12-07 16:48:59.216,-0.013231,-0.010930,-0.073701,-0.015106,4.895414,3.394783,0.000000,0.000000,False,False
2025-12-07 16:48:59.229,-0.012847,-0.010546,-0.019684,0.037995,4.999670,3.481523,0.000000,0.000000,False,False
2025-12-07 16:48:59.341,-0.012847,-0.010930,-0.055390,0.026093,5.110110,3.567327,0.000000,0.000000,False,False
2025-12-07 16:48:59.351,-0.013231,-0.010930,0.017853,-0.100252,5.228515,3.653565,0.000000,0.000000,False,False
2025-12-07 16:48:59.453,-0.013231,-0.010546,0.043488,0.047150,5.356531,3.741382,0.000000,0.000000,False,False
2025-12-07 16:48:59.463,-0.013231,-0.010546,0.040742,0.074617,5.494671,3.831698,0.000000,0.000000,False,False
2025-12-07 16:48:59.565,-0.013231,-0.010546,0.010529,0.071870,5.640940,3.924933,0.000000,0.000000,False,False
2025-12-07 16:48:59.580,-0.013231,-0.010930,-0.006867,-0.016938,5.790008,4.021172,0.000000,0.000000,False,False
2025-12-07 16:48:59.692,-0.013231,-0.010930,-0.076448,0.071870,5.934607,4.120075,0.000000,0.000000,False,False
2025-12-07 16:48:59.704,-0.013231,-0.010546,0.058137,0.008698,6.068689,4.221137,0.000000,0.000000,False,False
2025-12-07 16:48:59.812,-0.013231,-0.010546,0.005951,0.016938,6.189198,4.323876,0.000000,0.000000,False,False
2025-12-07 16:48:59.826,-0.013614,-0.010546,-0.019684,0.025177,0.012338,4.427806,0.000000,0.000000,False,False
2025-12-07 16:48:59.936,-0.013231,-0.010546,-0.024262,-0.014191,0.105666,4.532604,0.000000,0.000000,False,False
2025-12-07 16:48:59.949,-0.013231,-0.010546,0.045319,-0.002289,0.187850,4.638214,0.000000,0.000000,False,False
2025-12-07 16:49:00.072,-0.013231,-0.010930,-0.001373,-0.022431,0.261316,4.744926,0.000000,0.000000,False,False
2025-12-07 16:49:00.081,-0.013231,-0.010546,-0.084688,-0.041657,0.328572,4.853371,0.000000,0.000000,False,False
2025-12-07 16:49:00.190,-0.013614,-0.010546,-0.102083,-0.028840,0.391867,4.964540,0.000000,0.000000,False,False
2025-12-07 16:49:00.201,-0.013614,-0.010546,-0.065461,0.006867,0.453278,5.079715,0.000000,0.000000,False,False
2025-12-07 16:49:00.310,-0.013614,-0.010546,0.088350,-0.037995,0.514433,5.200363,0.000000,0.000000,False,False
2025-12-07 16:49:00.324,-0.013614,-0.010546,0.052644,-0.058137,0.576608,5.327847,0.000000,0.000000,False,False
2025-12-07 16:49:00.423,-0.013614,-0.010930,0.049897,-0.037995,0.640758,5.462766,0.000000,0.000000,False,False
2025-12-07 16:49:00.436,-0.013614,-0.010546,-0.037995,0.044404,0.707557,5.604233,0.000000,0.000000,False,False
2025-12-07 16:49:00.552,-0.014381,-0.010546,0.059052,-0.047150,0.777315,5.748972,0.000000,0.000000,False,False
2025-12-07 16:49:00.563,-0.014381,-0.010930,-0.038911,-0.031586,0.850393,5.892055,0.000000,0.000000,False,False
2025-12-07 16:49:00.675,-0.014381,-0.010930,0.033417,-0.023346,0.926867,6.028907,0.000000,0.000000,False,False
2025-12-07 16:49:00.685,-0.014765,-0.010930,-0.032502,-0.006867,1.006660,6.156542,0.000000,0.000000,False,False
2025-12-07 16:49:00.798,-0.014381,-0.010546,-0.037079,0.086519,1.089756,6.273800,0.000000,0.000000,False,False
2025-12-07 16:49:00.809,-0.014765,-0.010930,-0.092927,-0.055390,1.175883,0.097385,0.000000,0.000000,False,False
2025-12-07 16:49:00.930,-0.014765,-0.010930,0.081025,-0.052644,1.264803,0.194803,0.000000,0.000000,False,False
2025-12-07 16:49:00.941,-0.014765,-0.010546,0.037079,0.058137,1.356109,0.284744,0.000000,0.000000,False,False
2025-12-07 16:49:01.050,-0.014381,-0.010546,0.012360,-0.018769,1.449279,0.369353,0.000000,0.000000,False,False
2025-12-07 16:49:01.064,-0.014381,-0.010546,0.003204,-0.024262,1.543662,0.450926,0.000000,0.000000,False,False
2025-12-07 16:49:01.170,-0.014381,-0.010546,0.099336,0.081941,1.638622,0.531538,0.000000,0.000000,False,False
2025-12-07 16:49:01.185,-0.014381,-0.010546,0.011444,-0.028840,1.733616,0.612881,0.000000,0.000000,False,False
2025-12-07 16:49:01.286,-0.014381,-0.010546,0.008698,0.005951,1.828251,0.696206,0.000000,0.000000,False,False
2025-12-07 16:49:01.300,-0.014381,-0.010546,0.047150,-0.038911,1.922303,0.782331,0.000000,0.000000,False,False
2025-12-07 16:49:01.417,-0.014381,-0.010546,-0.016022,0.017853,2.015695,0.871706,0.000000,0.000000,False,False
2025-12-07 16:49:01.427,-0.014765,-0.010546,0.017853,-0.056306,2.108491,0.964492,0.000000,0.000000,False,False
2025-12-07 16:49:01.537,-0.014765,-0.010546,-0.113985,-0.016938,2.200772,1.060639,0.000000,0.000000,False,False
2025-12-07 16:49:01.552,-0.014381,-0.010546,0.055390,-0.001373,2.292641,1.159935,0.000000,0.000000,False,False
2025-12-07 16:49:01.664,-0.015148,-0.010546,-0.045319,-0.076448,2.384406,1.262015,0.000000,0.000000,False,False
2025-12-07 16:49:01.674,-0.014765,-0.010546,0.006867,-0.051728,2.476037,1.366355,0.000000,0.000000,False,False
2025-12-07 16:49:01.777,-0.014765,-0.010546,-0.030671,-0.020600,2.567649,1.472304,0.000000,0.000000,False,False
2025-12-07 16:49:01.791,-0.014765,-0.010546,0.042573,0.044404,2.659213,1.579164,0.000000,0.000000,False,False
2025-12-07 16:49:01.937,-0.015148,-0.010546,0.027008,0.005035,2.750677,1.686322,0.000000,0.000000,False,False
2025-12-07 16:49:01.948,-0.015148,-0.010546,-0.005951,-0.045319,2.841778,1.793362,0.000000,0.000000,False,False
2025-12-07 16:49:02.058,-0.015148,-0.010546,0.025177,-0.015106,2.932286,1.900101,0.000000,0.000000,False,False
2025-12-07 16:49:02.072,-0.015532,-0.010546,-0.009613,0.006867,3.022043,2.006558,0.000000,0.000000,False,False
2025-12-07 16:49:02.179,-0.015532,-0.010930,-0.080110,-0.034333,3.110776,2.112923,0.000000,0.000000,False,False
2025-12-07 16:49:02.192,-0.015532,-0.010546,-0.058137,0.048066,3.198377,2.219348,0.000000,0.000000,False,False
2025-12-07 16:49:02.297,-0.015532,-0.010546,0.055390,0.099336,3.284858,2.326068,0.000000,0.000000,False,False
2025-12-07 16:49:02.311,-0.015532,-0.010546,0.039826,0.024262,3.370384,2.433196,0.000000,0.000000,False,False
2025-12-07 16:49:02.418,-0.015532,-0.010930,0.059968,-0.011444,3.455257,2.540755,0.000000,0.000000,False,False
2025-12-07 16:49:02.431,-0.016299,-0.010546,0.002289,0.066377,3.540023,2.648428,0.000000,0.000000,False,False
2025-12-07 16:49:02.567,-0.016299,-0.010546,0.064546,0.055390,3.624943,2.755957,0.000000,0.000000,False,False
2025-12-07 16:49:02.578,-0.016299,-0.010930,-0.050813,-0.036164,3.710373,2.863035,0.000000,0.000000,False,False
2025-12-07 16:49:02.720,-0.016299,-0.010546,0.023346,0.018769,3.796553,2.969132,0.000000,0.000000,False,False
2025-12-07 16:49:02.730,-0.016299,-0.010546,0.037079,0.040742,3.883580,3.074001,0.000000,0.000000,False,False
2025-12-07 16:49:02.847,-0.016299,-0.010546,0.049897,-0.020600,3.971427,3.177422,0.000000,0.000000,False,False
2025-12-07 16:49:02.862,-0.016682,-0.010546,0.033417,-0.007782,4.060037,3.279338,0.000000,0.000000,False,False
2025-12-07 16:49:02.977,-0.016682,-0.010546,-0.062715,-0.002289,4.149202,3.379903,0.000000,0.000000,False,False
2025-12-07 16:49:02.988,-0.016682,-0.010546,0.019684,-0.018769,4.238785,3.479489,0.000000,0.000000,False,False
2025-12-07 16:49:03.097,-0.016682,-0.010546,0.006867,0.025177,4.328687,3.578628,0.000000,0.000000,False,False
2025-12-07 16:49:03.111,-0.016299,-0.010546,0.062715,-0.028840,4.418846,3.677891,0.000000,0.000000,False,False
2025-12-07 16:49:03.238,-0.016682,-0.010546,0.021515,0.081941,4.509364,3.777759,0.000000,0.000000,False,False
2025-12-07 16:49:03.250,-0.016299,-0.010546,0.014191,-0.007782,4.600315,3.878532,0.000000,0.000000,False,False
2025-12-07 16:49:03.375,-0.016299,-0.010546,0.000458,-0.027924,4.691915,3.980308,0.000000,0.000000,False,False
2025-12-07 16:49:03.396,-0.016682,-0.010546,0.032502,0.014191,4.784422,4.083025,0.000000,0.000000,False,False
2025-12-07 16:49:03.526,-0.016299,-0.010546,0.025177,-0.078279,4.878145,4.186520,0.000000,0.000000,False,False
2025-12-07 16:49:03.536,-0.016299,-0.010546,-0.015106,-0.016022,4.973445,4.290594,0.000000,0.000000,False,False
2025-12-07 16:49:03.651,-0.016299,-0.010546,-0.020600,-0.026093,5.070720,4.395065,0.000000,0.000000,False,False
2025-12-07 16:49:03.662,-0.016299,-0.010546,0.008698,-0.114900,5.170369,4.499819,0.000000,0.000000,False,False
2025-12-07 16:49:03.768,-0.016299,-0.010930,0.030671,-0.008698,5.272711,4.604854,0.000000,0.000000,False,False
2025-12-07 16:49:03.778,-0.016299,-0.010546,-0.038911,0.021515,5.377847,4.710248,0.000000,0.000000,False,False
2025-12-07 16:49:03.887,-0.015915,-0.010546,0.027008,-0.025177,5.485546,4.816254,0.000000,0.000000,False,False
2025-12-07 16:49:03.897,-0.016299,-0.010546,0.055390,-0.017853,5.594936,4.923224,0.000000,0.000000,False,False
2025-12-07 16:49:04.007,-0.015915,-0.010546,0.010529,-0.036164,5.704917,5.031596,0.000000,0.000000,False,False
2025-12-07 16:49:04.018,-0.016299,-0.010546,0.007782,0.048981,5.813983,5.141852,0.000000,0.000000,False,False
2025-12-07 16:49:04.120,-0.016299,-0.010546,-0.034333,-0.043488,5.920968,5.254433,0.000000,0.000000,False,False
2025-12-07 16:49:04.131,-0.016299,-0.010930,0.012360,-0.049897,6.024986,5.369557,0.000000,0.000000,False,False
2025-12-07 16:49:04.231,-0.016299,-0.010930,-0.018769,0.004120,6.125491,5.487145,0.000000,0.000000,False,False
2025-12-07 16:49:04.244,-0.016299,-0.010546,0.080110,-0.071870,6.222184,5.606612,0.000000,0.000000,False,False
2025-12-07 16:49:04.350,-0.016299,-0.010546,-0.069123,-0.023346,0.031771,5.726773,0.000000,0.000000,False,False
2025-12-07 16:49:04.364,-0.016299,-0.010546,0.005035,0.040742,0.120715,5.846258,0.000000,0.000000,False,False
2025-12-07 16:49:04.465,-0.016682,-0.010546,0.005035,0.015106,0.206088,5.963827,0.000000,0.000000,False,False
2025-12-07 16:49:04.476,-0.016682,-0.010930,-0.005035,0.018769,0.288561,6.078499,0.000000,0.000000,False,False
2025-12-07 16:49:04.575,-0.016682,-0.010546,0.051728,0.040742,0.368920,6.189862,0.000000,0.000000,False,False
2025-12-07 16:49:04.585,-0.016682,-0.010930,-0.034333,0.012360,0.448048,0.014273,0.000000,0.000000,False,False
2025-12-07 16:49:04.692,-0.016682,-0.010546,0.001373,-0.027924,0.526800,0.118215,0.000000,0.000000,False,False
2025-12-07 16:49:04.706,-0.017066,-0.010546,0.064546,-0.000458,0.605833,0.218683,0.000000,0.000000,False,False
2025-12-07 16:49:04.806,-0.017449,-0.010546,0.015106,0.071870,0.685697,0.316276,0.000000,0.000000,False,False
2025-12-07 16:49:04.822,-0.017066,-0.010546,0.005951,-0.021515,0.766863,0.411876,0.000000,0.000000,False,False
2025-12-07 16:49:04.916,-0.018216,-0.010930,0.006867,-0.048981,0.849262,0.506425,0.000000,0.000000,False,False
2025-12-07 16:49:04.929,-0.017833,-0.010546,0.035248,0.081025,0.933186,0.601028,0.000000,0.000000,False,False
2025-12-07 16:49:05.032,-0.018216,-0.010546,0.050813,0.036164,1.018503,0.696367,0.000000,0.000000,False,False
2025-12-07 16:49:05.042,-0.018983,-0.010546,-0.004120,-0.016022,1.105127,0.792934,0.000000,0.000000,False,False
2025-12-07 16:49:05.155,-0.018983,-0.010546,0.037079,0.033417,1.193071,0.890978,0.000000,0.000000,False,False
2025-12-07 16:49:05.165,-0.018983,-0.010546,-0.043488,0.046235,1.282231,0.990568,0.000000,0.000000,False,False
2025-12-07 16:49:05.276,-0.018983,-0.010546,0.023346,-0.006867,1.372465,1.091656,0.000000,0.000000,False,False
2025-12-07 16:49:05.290,-0.019367,-0.010930,0.028840,-0.037995,1.463571,1.194085,0.000000,0.000000,False,False
2025-12-07 16:49:05.385,-0.019367,-0.010546,0.064546,0.049897,1.555352,1.297749,0.000000,0.000000,False,False
2025-12-07 16:49:05.395,-0.019367,-0.010546,0.014191,0.075532,1.647577,1.402375,0.000000,0.000000,False,False
2025-12-07 16:49:05.487,-0.018983,-0.010163,-0.068208,0.037995,1.740025,1.507704,0.000000,0.000000,False,False
2025-12-07 16:49:05.501,-0.018983,-0.010546,0.000458,0.036164,1.832525,1.613430,0.000000,0.000000,False,False
2025-12-07 16:49:05.601,-0.018983,-0.010546,0.058137,-0.036164,1.924963,1.719331,0.000000,0.000000,False,False
2025-12-07 16:49:05.611,-0.018983,-0.010546,-0.006867,-0.016022,2.017270,1.825247,0.000000,0.000000,False,False
2025-12-07 16:49:05.736,-0.018983,-0.010546,-0.024262,0.047150,2.109421,1.931106,0.000000,0.000000,False,False
2025-12-07 16:49:05.747,-0.018983,-0.010546,-0.055390,-0.037995,2.201421,2.036910,0.000000,0.000000,False,False
2025-12-07 16:49:05.848,-0.018983,-0.010546,0.070954,0.032502,2.293296,2.142711,0.000000,0.000000,False,False
2025-12-07 16:49:05.862,-0.018983,-0.010930,0.064546,0.002289,2.385081,2.248621,0.000000,0.000000,False,False
2025-12-07 16:49:05.962,-0.018983,-0.010546,0.074617,-0.025177,2.476812,2.354612,0.000000,0.000000,False,False
2025-12-07 16:49:05.972,-0.018983,-0.010930,0.000458,0.017853,2.568512,2.460810,0.000000,0.000000,False,False
2025-12-07 16:49:06.076,-0.018983,-0.010546,-0.043488,0.059052,2.660190,2.567072,0.000000,0.000000,False,False
2025-12-07 16:49:06.086,-0.018983,-0.010546,0.011444,0.005951,2.751831,2.673377,0.000000,0.000000,False,False
2025-12-07 16:49:06.189,-0.018600,-0.010930,0.023346,0.021515,2.843333,2.779683,0.000000,0.000000,False,False
2025-12-07 16:49:06.202,-0.018983,-0.010930,-0.037079,-0.001373,2.934802,2.885792,0.000000,0.000000,False,False
2025-12-07 16:49:06.332,-0.018600,-0.010546,0.070954,-0.027008,3.026041,2.991508,0.000000,0.000000,False,False
2025-12-07 16:49:06.343,-0.018983,-0.010930,0.047150,-0.056306,3.117165,3.096884,0.000000,0.000000,False,False
2025-12-07 16:49:06.455,-0.018600,-0.010930,0.021515,-0.010529,3.207995,3.201775,0.000000,0.000000,False,False
2025-12-07 16:49:06.466,-0.018983,-0.010546,-0.002289,-0.009613,3.298689,3.306094,0.000000,0.000000,False,False
2025-12-07 16:49:06.570,-0.018600,-0.010546,0.037079,-0.055390,3.389125,3.409982,0.000000,0.000000,False,False
2025-12-07 16:49:06.584,-0.018600,-0.010546,0.057221,0.072786,3.479449,3.513579,0.000000,0.000000,False,False
2025-12-07 16:49:06.687,-0.018600,-0.010546,-0.022431,-0.045319,3.569746,3.617075,0.000000,0.000000,False,False
2025-12-07 16:49:06.701,-0.018983,-0.010930,-0.058137,0.024262,3.660173,3.720729,0.000000,0.000000,False,False
2025-12-07 16:49:06.799,-0.018600,-0.010546,0.020600,-0.046235,3.750649,3.824548,0.000000,0.000000,False,False
2025-12-07 16:49:06.811,-0.018983,-0.010930,-0.010529,0.016938,3.841348,3.928740,0.000000,0.000000,False,False
2025-12-07 16:49:06.908,-0.018600,-0.010546,-0.044404,0.061799,3.932137,4.033186,0.000000,0.000000,False,False
2025-12-07 16:49:06.921,-0.018600,-0.010546,0.053559,0.080110,4.023059,4.137906,0.000000,0.000000,False,False
2025-12-07 16:49:07.034,-0.018600,-0.010930,0.048981,0.035248,4.114078,4.242872,0.000000,0.000000,False,False
2025-12-07 16:49:07.046,-0.018600,-0.010546,-0.045319,-0.027008,4.205154,4.347927,0.000000,0.000000,False,False
2025-12-07 16:49:07.144,-0.018600,-0.010546,-0.053559,0.054475,4.296261,4.453062,0.000000,0.000000,False,False
2025-12-07 16:49:07.155,-0.018600,-0.010546,-0.049897,0.027924,4.387393,4.558258,0.000000,0.000000,False,False
2025-12-07 16:49:07.254,-0.018600,-0.010546,-0.055390,0.010529,4.478567,4.663545,0.000000,0.000000,False,False
2025-12-07 16:49:07.268,-0.018600,-0.010930,-0.001373,-0.027008,4.569830,4.769007,0.000000,0.000000,False,False
2025-12-07 16:49:07.373,-0.018600,-0.010546,-0.025177,0.028840,4.661253,4.874761,0.000000,0.000000,False,False
2025-12-07 16:49:07.384,-0.018600,-0.010546,0.043488,-0.031586,4.752927,4.980973,0.000000,0.000000,False,False
2025-12-07 16:49:07.483,-0.018600,-0.010546,0.026093,0.092927,4.844957,5.087822,0.000000,0.000000,False,False
2025-12-07 16:49:07.493,-0.018600,-0.010546,0.007782,0.002289,4.937459,5.195478,0.000000,0.000000,False,False
2025-12-07 16:49:07.592,-0.018600,-0.010546,-0.031586,-0.030671,5.030553,5.304066,0.000000,0.000000,False,False
2025-12-07 16:49:07.605,-0.018600,-0.010546,-0.078279,0.033417,5.124355,5.413604,0.000000,0.000000,False,False
2025-12-07 16:49:07.713,-0.018600,-0.010546,0.020600,0.011444,5.218960,5.523953,0.000000,0.000000,False,False
2025-12-07 16:49:07.727,-0.018600,-0.010546,0.033417,0.029755,5.314410,5.634804,0.000000,0.000000,False,False
2025-12-07 16:49:07.848,-0.018600,-0.010546,-0.010529,-0.023346,5.410659,5.745725,0.000000,0.000000,False,False
2025-12-07 16:49:07.860,-0.018600,-0.010546,0.042573,0.071870,5.507550,5.856262,0.000000,0.000000,False,False
2025-12-07 16:49:07.958,-0.018600,-0.010546,0.004120,-0.075532,5.604809,5.966023,0.000000,0.000000,False,False
2025-12-07 16:49:07.989,-0.018600,-0.010930,0.070039,0.027924,5.702090,6.074648,0.000000,0.000000,False,False
2025-12-07 16:49:08.100,-0.018216,-0.010546,0.176242,0.011444,5.799100,6.182086,0.000000,0.000000,False,False
2025-12-07 16:49:08.110,-0.018600,-0.010546,-0.015106,-0.016938,5.895395,0.004945,0.000000,0.000000,False,False
2025-12-07 16:49:08.207,-0.018600,-0.010546,-0.003204,0.000458,5.990815,0.109545,0.000000,0.000000,False,False
2025-12-07 16:49:08.222,-0.018600,-0.010546,0.014191,0.028840,6.085195,0.212762,0.000000,0.000000,False,False
2025-12-07 16:49:08.319,-0.018600,-0.010546,0.069123,-0.002289,6.178421,0.314803,0.000000,0.000000,False,False
2025-12-07 16:49:08.329,-0.018600,-0.010546,0.015106,-0.070039,6.270414,0.416015,0.000000,0.000000,False,False
2025-12-07 16:49:08.444,-0.018983,-0.010546,-0.037079,0.041657,0.077878,0.516826,0.000000,0.000000,False,False
2025-12-07 16:49:08.455,-0.018600,-0.010546,0.015106,-0.015106,0.167378,0.617653,0.000000,0.000000,False,False
2025-12-07 16:49:08.563,-0.018600,-0.010930,0.025177,-0.018769,0.255780,0.718764,0.000000,0.000000,False,False
2025-12-07 16:49:08.574,-0.018983,-0.010546,0.017853,-0.027924,0.343238,0.820492,0.000000,0.000000,False,False
2025-12-07 16:49:08.687,-0.018983,-0.010546,-0.056306,0.040742,0.430143,0.922860,0.000000,0.000000,False,False
2025-12-07 16:49:08.697,-0.018983,-0.010930,-0.003204,0.016938,0.516830,1.025834,0.000000,0.000000,False,False
2025-12-07 16:49:08.808,-0.018983,-0.010546,0.050813,0.017853,0.603602,1.129477,0.000000,0.000000,False,False
2025-12-07 16:49:08.819,-0.018983,-0.010930,0.006867,0.015106,0.690693,1.233646,0.000000,0.000000,False,False
2025-12-07 16:49:08.922,-0.018983,-0.010546,0.006867,0.053559,0.778247,1.338326,0.000000,0.000000,False,False
2025-12-07 16:49:08.936,-0.018983,-0.010546,-0.031586,0.015106,0.866330,1.443382,0.000000,0.000000,False,False
2025-12-07 16:49:09.057,-0.018600,-0.010546,-0.016938,0.001373,0.955010,1.548699,0.000000,0.000000,False,False
2025-12-07 16:49:09.067,-0.018600,-0.010546,0.005035,0.016938,1.044216,1.654170,0.000000,0.000000,False,False
2025-12-07 16:49:09.175,-0.018600,-0.010930,-0.059968,0.010529,1.133923,1.759714,0.000000,0.000000,False,False
2025-12-07 16:49:09.185,-0.018600,-0.010930,-0.024262,-0.015106,1.224102,1.865277,0.000000,0.000000,False,False
2025-12-07 16:49:09.317,-0.018216,-0.010930,-0.014191,-0.013275,1.314742,1.970836,0.000000,0.000000,False,False
2025-12-07 16:49:09.335,-0.018216,-0.010930,0.005951,0.009613,1.405754,2.076395,0.000000,0.000000,False,False
2025-12-07 16:49:09.455,-0.018600,-0.010930,-0.053559,-0.031586,1.497059,2.181975,0.000000,0.000000,False,False
2025-12-07 16:49:09.466,-0.018600,-0.010546,-0.021515,-0.011444,1.588597,2.287554,0.000000,0.000000,False,False
2025-12-07 16:49:09.577,-0.018600,-0.010930,-0.003204,-0.038911,1.680288,2.393243,0.000000,0.000000,False,False
2025-12-07 16:49:09.587,-0.018600,-0.010546,0.005951,0.008698,1.772057,2.498935,0.000000,0.000000,False,False
2025-12-07 16:49:09.693,-0.018216,-0.010930,-0.037995,-0.045319,1.863830,2.604730,0.000000,0.000000,False,False
2025-12-07 16:49:09.707,-0.018216,-0.010546,0.014191,-0.041657,1.955578,2.710464,0.000000,0.000000,False,False
2025-12-07 16:49:09.815,-0.018600,-0.010546,-0.103914,0.041657,2.047305,2.816162,0.000000,0.000000,False,False
2025-12-07 16:49:09.827,-0.018216,-0.010546,-0.047150,0.094759,2.138940,2.921777,0.000000,0.000000,False,False
2025-12-07 16:49:09.960,-0.018600,-0.010546,0.059052,0.058137,2.230556,3.027271,0.000000,0.000000,False,False
2025-12-07 16:49:09.971,-0.018216,-0.010546,0.034333,0.011444,2.322074,3.132609,0.000000,0.000000,False,False
2025-12-07 16:49:10.084,-0.018216,-0.010546,0.040742,-0.074617,2.413551,3.237774,0.000000,0.000000,False,False
2025-12-07 16:49:10.094,-0.018216,-0.010930,-0.000458,-0.078279,2.505000,3.342847,0.000000,0.000000,False,False
2025-12-07 16:49:10.195,-0.018600,-0.010546,-0.071870,0.026093,2.596496,3.447702,0.000000,0.000000,False,False
2025-12-07 16:49:10.205,-0.018216,-0.010546,0.044404,-0.030671,2.687915,3.552474,0.000000,0.000000,False,False
2025-12-07 16:49:10.310,-0.018216,-0.010930,-0.064546,0.043488,2.779324,3.657304,0.000000,0.000000,False,False
2025-12-07 16:49:10.323,-0.018216,-0.010546,-0.008698,-0.045319,2.870718,3.762108,0.000000,0.000000,False,False
2025-12-07 16:49:10.422,-0.018216,-0.010546,0.007782,0.004120,2.962089,3.867007,0.000000,0.000000,False,False
2025-12-07 16:49:10.436,-0.018216,-0.010930,0.033417,0.008698,3.053426,3.972074,0.000000,0.000000,False,False
2025-12-07 16:49:10.542,-0.017833,-0.010546,-0.006867,-0.024262,3.144642,4.077184,0.000000,0.000000,False,False
2025-12-07 16:49:10.555,-0.017833,-0.010546,0.058137,0.047150,3.235811,4.182376,0.000000,0.000000,False,False
2025-12-07 16:49:10.656,-0.018216,-0.010546,0.041657,0.008698,3.327015,4.287623,0.000000,0.000000,False,False
2025-12-07 16:49:10.670,-0.018216,-0.010546,-0.000458,0.024262,3.418186,4.392900,0.000000,0.000000,False,False
2025-12-07 16:49:10.767,-0.018216,-0.010546,-0.019684,-0.054475,3.509340,4.498190,0.000000,0.000000,False,False
2025-12-07 16:49:10.781,-0.018216,-0.010546,-0.008698,-0.084688,3.600499,4.603497,0.000000,0.000000,False,False
2025-12-07 16:49:10.880,-0.018216,-0.010546,0.138705,0.033417,3.691680,4.708839,0.000000,0.000000,False,False
2025-12-07 16:49:10.893,-0.018216,-0.010546,-0.075532,-0.015106,3.782895,4.814260,0.000000,0.000000,False,False
2025-12-07 16:49:10.989,-0.018600,-0.010546,-0.138705,-0.027924,3.874208,4.919815,0.000000,0.000000,False,False
2025-12-07 16:49:10.999,-0.018216,-0.010546,0.016022,-0.052644,3.965484,5.025574,0.000000,0.000000,False,False
2025-12-07 16:49:11.108,-0.018216,-0.010546,0.008698,0.031586,4.056782,5.131605,0.000000,0.000000,False,False
2025-12-07 16:49:11.119,-0.018216,-0.010546,-0.044404,-0.022431,4.148089,5.237970,0.000000,0.000000,False,False
2025-12-07 16:49:11.219,-0.018216,-0.010930,-0.046235,-0.043488,4.239396,5.344661,0.000000,0.000000,False,False
2025-12-07 16:49:11.231,-0.018216,-0.010930,-0.006867,0.012360,4.330701,5.451695,0.000000,0.000000,False,False
2025-12-07 16:49:11.330,-0.018216,-0.010546,-0.032502,0.031586,4.422007,5.559048,0.000000,0.000000,False,False
2025-12-07 16:49:11.345,-0.018216,-0.010546,0.027924,-0.076448,4.513327,5.666536,0.000000,0.000000,False,False
2025-12-07 16:49:11.457,-0.018216,-0.010930,-0.004120,-0.005951,4.604685,5.773927,0.000000,0.000000,False,False
2025-12-07 16:49:11.471,-0.018600,-0.010930,-0.006867,-0.005951,4.696117,5.881122,0.000000,0.000000,False,False
2025-12-07 16:49:11.592,-0.018216,-0.010930,-0.043488,-0.086519,4.787641,5.987989,0.000000,0.000000,False,False
2025-12-07 16:49:11.603,-0.018600,-0.010546,0.005035,0.015106,4.879297,6.094501,0.000000,0.000000,False,False
2025-12-07 16:49:11.717,-0.018216,-0.010546,-0.017853,0.036164,4.971137,6.200510,0.000000,0.000000,False,False
2025-12-07 16:49:11.728,-0.018216,-0.010930,0.004120,0.030671,5.063191,0.022703,0.000000,0.000000,False,False
2025-12-07 16:49:11.845,-0.018216,-0.010546,0.031586,0.018769,5.155492,0.127590,0.000000,0.000000,False,False
2025-12-07 16:49:11.855,-0.018216,-0.010930,0.054475,0.051728,5.248062,0.231859,0.000000,0.000000,False,False
2025-12-07 16:49:11.965,-0.018216,-0.010930,-0.032502,0.004120,5.340902,0.335681,0.000000,0.000000,False,False
2025-12-07 16:49:11.976,-0.018216,-0.010546,0.044404,0.003204,5.433982,0.439280,0.000000,0.000000,False,False
2025-12-07 16:49:12.089,-0.018216,-0.010930,0.043488,0.013275,5.527239,0.542685,0.000000,0.000000,False,False
2025-12-07 16:49:12.099,-0.018600,-0.010930,-0.056306,0.042573,5.620522,0.646142,0.000000,0.000000,False,False
2025-12-07 16:49:12.196,-0.018600,-0.010930,-0.070039,-0.005951,5.713777,0.749775,0.000000,0.000000,False,False
2025-12-07 16:49:12.210,-0.018216,-0.010546,-0.007782,0.002289,5.806964,0.853713,0.000000,0.000000,False,False
2025-12-07 16:49:12.312,-0.018216,-0.010546,-0.016938,0.029755,5.899927,0.957915,0.000000,0.000000,False,False
2025-12-07 16:49:12.322,-0.018216,-0.010930,0.077363,0.085603,5.992598,1.062333,0.000000,0.000000,False,False
2025-12-07 16:49:12.422,-0.018600,-0.010930,-0.035248,0.048981,6.084852,1.167003,0.000000,0.000000,False,False
2025-12-07 16:49:12.436,-0.018600,-0.010546,0.016938,-0.020600,6.176729,1.271929,0.000000,0.000000,False,False
2025-12-07 16:49:12.546,-0.018600,-0.010930,0.014191,-0.031586,6.268198,1.377010,0.000000,0.000000,False,False
2025-12-07 16:49:12.560,-0.018600,-0.010930,-0.027924,-0.030671,0.076061,1.482235,0.000000,0.000000,False,False
2025-12-07 16:49:12.668,-0.018600,-0.010930,-0.100252,-0.028840,0.166696,1.587559,0.000000,0.000000,False,False
2025-12-07 16:49:12.682,-0.018600,-0.010930,0.108492,-0.029755,0.256958,1.692940,0.000000,0.000000,False,False
2025-12-07 16:49:12.800,-0.018600,-0.010546,-0.042573,0.068208,0.346926,1.798336,0.000000,0.000000,False,False
2025-12-07 16:49:12.811,-0.018600,-0.010930,0.021515,0.018769,0.436708,1.903749,0.000000,0.000000,False,False
2025-12-07 16:49:12.922,-0.018600,-0.010930,-0.048981,0.026093,0.526421,2.009166,0.000000,0.000000,False,False
2025-12-07 16:49:12.937,-0.018216,-0.010546,-0.031586,0.025177,0.616241,2.114555,0.000000,0.000000,False,False
2025-12-07 16:49:13.046,-0.018600,-0.010546,-0.041657,-0.034333,0.706108,2.219955,0.000000,0.000000,False,False
2025-12-07 16:49:13.060,-0.018216,-0.010546,-0.013275,0.001373,0.796203,2.325374,0.000000,0.000000,False,False
2025-12-07 16:49:13.159,-0.018216,-0.010930,0.027008,0.062715,0.886478,2.430872,0.000000,0.000000,False,False
2025-12-07 16:49:13.173,-0.018216,-0.010546,-0.031586,-0.013275,0.976937,2.536334,0.000000,0.000000,False,False
2025-12-07 16:49:13.271,-0.018216,-0.010546,0.084688,-0.021515,1.067576,2.641810,0.000000,0.000000,False,False
2025-12-07 16:49:13.285,-0.018216,-0.010546,0.035248,-0.027008,1.158388,2.747284,0.000000,0.000000,False,False
2025-12-07 16:49:13.386,-0.018216,-0.010930,0.011444,-0.080110,1.249363,2.852811,0.000000,0.000000,False,False
2025-12-07 16:49:13.400,-0.017833,-0.010546,0.122225,0.048981,1.340511,2.958225,0.000000,0.000000,False,False
2025-12-07 16:49:13.506,-0.018216,-0.010930,-0.042573,0.059052,1.431764,3.063666,0.000000,0.000000,False,False
2025-12-07 16:49:13.517,-0.018216,-0.010930,-0.013275,-0.013275,1.523125,3.169045,0.000000,0.000000,False,False
2025-12-07 16:49:13.622,-0.018216,-0.010930,0.001373,0.034333,1.614564,3.274358,0.000000,0.000000,False,False
2025-12-07 16:49:13.632,-0.018216,-0.010546,-0.030671,-0.003204,1.706053,3.379532,0.000000,0.000000,False,False
2025-12-07 16:49:13.736,-0.018216,-0.010930,0.002289,-0.011444,1.797567,3.484736,0.000000,0.000000,False,False
2025-12-07 16:49:13.746,-0.018216,-0.010546,0.037995,-0.013275,1.889086,3.589840,0.000000,0.000000,False,False
2025-12-07 16:49:13.865,-0.018216,-0.010546,-0.026093,-0.024262,1.980596,3.694950,0.000000,0.000000,False,False
2025-12-07 16:49:13.875,-0.018216,-0.010546,0.092927,-0.037079,2.072089,3.800087,0.000000,0.000000,False,False
2025-12-07 16:49:13.978,-0.018216,-0.010546,-0.016022,-0.081941,2.163560,3.905264,0.000000,0.000000,False,False
2025-12-07 16:49:13.989,-0.018216,-0.010930,-0.027008,0.000458,2.255008,4.010539,0.000000,0.000000,False,False
2025-12-07 16:49:14.091,-0.018216,-0.010546,0.036164,0.047150,2.346436,4.115792,0.000000,0.000000,False,False
2025-12-07 16:49:14.105,-0.018216,-0.010930,-0.074617,-0.013275,2.437848,4.221116,0.000000,0.000000,False,False
2025-12-07 16:49:14.205,-0.018216,-0.010930,-0.084688,0.016938,2.529248,4.326449,0.000000,0.000000,False,False
2025-12-07 16:49:14.215,-0.017833,-0.010930,-0.012360,-0.004120,2.620578,4.431780,0.000000,0.000000,False,False
2025-12-07 16:49:14.320,-0.017833,-0.010546,-0.004120,-0.025177,2.711906,4.537086,0.000000,0.000000,False,False
2025-12-07 16:49:14.334,-0.018216,-0.010546,0.010529,-0.011444,2.803303,4.642401,0.000000,0.000000,False,False
2025-12-07 16:49:14.433,-0.018216,-0.010546,-0.008698,0.016022,2.894697,4.747736,0.000000,0.000000,False,False
2025-12-07 16:49:14.446,-0.018216,-0.010930,-0.047150,-0.079194,2.986085,4.853106,0.000000,0.000000,False,False
2025-12-07 16:49:14.546,-0.018216,-0.010546,0.014191,-0.029755,3.077465,4.958542,0.000000,0.000000,False,False
2025-12-07 16:49:14.575,-0.018216,-0.010930,-0.037079,0.070039,3.168835,5.064050,0.000000,0.000000,False,False
2025-12-07 16:49:14.699,-0.018216,-0.010546,0.081941,0.005951,3.260195,5.169695,0.000000,0.000000,False,False
2025-12-07 16:49:14.708,-0.018216,-0.010546,0.017853,0.012360,3.351546,5.275477,0.000000,0.000000,False,False
2025-12-07 16:49:14.811,-0.018600,-0.010546,-0.055390,-0.016022,3.442968,5.381401,0.000000,0.000000,False,False
2025-12-07 16:49:14.824,-0.018216,-0.010930,0.098421,0.003204,3.534308,5.487405,0.000000,0.000000,False,False
2025-12-07 16:49:14.932,-0.018216,-0.010930,0.001373,-0.015106,3.625651,5.593494,0.000000,0.000000,False,False
2025-12-07 16:49:14.946,-0.018216,-0.010930,0.033417,-0.037079,3.716999,5.699613,0.000000,0.000000,False,False
2025-12-07 16:49:15.063,-0.018216,-0.010546,-0.016022,0.072786,3.808355,5.805764,0.000000,0.000000,False,False
2025-12-07 16:49:15.074,-0.018600,-0.010930,0.013275,-0.024262,3.899779,5.911751,0.000000,0.000000,False,False
2025-12-07 16:49:15.179,-0.018216,-0.010930,-0.006867,-0.033417,3.991141,6.017598,0.000000,0.000000,False,False
2025-12-07 16:49:15.189,-0.018216,-0.010546,-0.007782,0.032502,4.082505,6.123344,0.000000,0.000000,False,False
2025-12-07 16:49:15.297,-0.018216,-0.010546,-0.058137,0.016938,4.173867,6.228887,0.000000,0.000000,False,False
2025-12-07 16:49:15.312,-0.017449,-0.010546,0.016938,-0.023346,4.265146,0.051024,0.000000,0.000000,False,False
2025-12-07 16:49:15.417,-0.017449,-0.010163,-0.027008,-0.012360,4.356438,0.156201,0.000000,0.000000,False,False
2025-12-07 16:49:15.427,-0.016299,-0.010163,0.135958,0.058137,4.447664,0.261170,0.000000,0.000000,False,False
2025-12-07 16:49:15.524,-0.015915,-0.010163,-0.011444,-0.025177,4.538912,0.365969,0.000000,0.000000,False,False
2025-12-07 16:49:15.535,-0.015532,-0.010546,0.062715,0.001373,4.630203,0.470589,0.000000,0.000000,False,False
2025-12-07 16:49:15.634,-0.015532,-0.010163,-0.041657,0.024262,4.721564,0.575248,0.000000,0.000000,False,False
2025-12-07 16:49:15.648,-0.015148,-0.010163,-0.004120,-0.009613,4.813001,0.679933,0.000000,0.000000,False,False
2025-12-07 16:49:15.754,-0.015148,-0.010163,0.032502,-0.012360,4.904529,0.784689,0.000000,0.000000,False,False
2025-12-07 16:49:15.764,-0.015148,-0.010163,0.037995,0.052644,4.996155,0.889538,0.000000,0.000000,False,False
2025-12-07 16:49:15.892,-0.015148,-0.010163,0.050813,-0.007782,5.087890,0.994489,0.000000,0.000000,False,False
2025-12-07 16:49:15.902,-0.015148,-0.009779,0.048066,0.002289,5.179743,1.099580,0.000000,0.000000,False,False
2025-12-07 16:49:16.042,-0.015148,-0.009779,-0.055390,-0.017853,5.271722,1.204753,0.000000,0.000000,False,False
2025-12-07 16:49:16.054,-0.015148,-0.010163,0.080110,0.043488,5.363823,1.309968,0.000000,0.000000,False,False
2025-12-07 16:49:16.157,-0.015532,-0.009779,-0.052644,-0.019684,5.455985,1.415264,0.000000,0.000000,False,False
2025-12-07 16:49:16.171,-0.015532,-0.010163,-0.087434,-0.044404,5.548224,1.520583,0.000000,0.000000,False,False
2025-12-07 16:49:16.266,-0.015915,-0.009779,0.005035,-0.016022,5.640444,1.625932,0.000000,0.000000,False,False
2025-12-07 16:49:16.276,-0.015915,-0.009779,0.007782,-0.027008,5.732662,1.731283,0.000000,0.000000,False,False
2025-12-07 16:49:16.373,-0.016299,-0.010163,-0.035248,-0.069123,5.824773,1.836640,0.000000,0.000000,False,False
2025-12-07 16:49:16.388,-0.015915,-0.009779,-0.005035,0.000458,5.916884,1.941973,0.000000,0.000000,False,False
2025-12-07 16:49:16.492,-0.015915,-0.009779,0.088350,-0.079194,6.008901,2.047294,0.000000,0.000000,False,False
2025-12-07 16:49:16.503,-0.015915,-0.009779,0.010529,0.058137,6.100809,2.152609,0.000000,0.000000,False,False
2025-12-07 16:49:16.621,-0.016299,-0.010163,0.003204,0.026093,6.192522,2.257963,0.000000,0.000000,False,False
2025-12-07 16:49:16.631,-0.016299,-0.009779,-0.024262,-0.012360,0.000924,2.363272,0.000000,0.000000,False,False
2025-12-07 16:49:16.734,-0.016682,-0.009779,-0.064546,-0.024262,0.092304,2.468587,0.000000,0.000000,False,False
2025-12-07 16:49:16.748,-0.016299,-0.010163,0.002289,0.003204,0.183636,2.573966,0.000000,0.000000,False,False
2025-12-07 16:49:16.853,-0.016299,-0.009779,-0.013275,0.011444,0.274855,2.679280,0.000000,0.000000,False,False
2025-12-07 16:49:16.867,-0.016299,-0.009779,-0.003204,-0.017853,0.365985,2.784590,0.000000,0.000000,False,False
2025-12-07 16:49:16.994,-0.017833,-0.010163,-0.091096,0.086519,0.456767,2.889960,0.000000,0.000000,False,False
2025-12-07 16:49:17.005,-0.017833,-0.010163,0.062715,-0.012360,0.547556,2.995310,0.000000,0.000000,False,False
2025-12-07 16:49:17.122,-0.017833,-0.010163,-0.010529,-0.008698,0.638389,3.100632,0.000000,0.000000,False,False
2025-12-07 16:49:17.132,-0.020134,-0.010163,0.006867,-0.036164,0.728912,3.205924,0.000000,0.000000,False,False
2025-12-07 16:49:17.240,-0.020517,-0.009779,-0.026093,0.018769,0.819507,3.311106,0.000000,0.000000,False,False
2025-12-07 16:49:17.251,-0.020517,-0.010546,-0.047150,-0.071870,0.910235,3.416417,0.000000,0.000000,False,False
2025-12-07 16:49:17.361,-0.020901,-0.010163,-0.009613,0.032502,1.001036,3.521629,0.000000,0.000000,False,False
2025-12-07 16:49:17.371,-0.020517,-0.010163,-0.050813,0.009613,1.091995,3.626834,0.000000,0.000000,False,False
2025-12-07 16:49:17.488,-0.020517,-0.010163,-0.008698,-0.016938,1.183050,3.732044,0.000000,0.000000,False,False
2025-12-07 16:49:17.498,-0.020901,-0.010163,0.048066,0.059968,1.274163,3.837267,0.000000,0.000000,False,False
2025-12-07 16:49:17.610,-0.020901,-0.010546,-0.086519,-0.028840,1.365364,3.942569,0.000000,0.000000,False,False
2025-12-07 16:49:17.621,-0.021284,-0.010546,0.073701,-0.058137,1.456627,4.047880,0.000000,0.000000,False,False
2025-12-07 16:49:17.759,-0.021284,-0.010546,0.034333,-0.018769,1.547966,4.153197,0.000000,0.000000,False,False
2025-12-07 16:49:17.769,-0.021668,-0.010930,0.016938,0.020600,1.639367,4.258561,0.000000,0.000000,False,False
2025-12-07 16:49:17.876,-0.021668,-0.010546,0.009613,-0.040742,1.730828,4.363882,0.000000,0.000000,False,False
2025-12-07 16:49:17.890,-0.020901,-0.010163,-0.021515,0.014191,1.822314,4.469176,0.000000,0.000000,False,False
2025-12-07 16:49:17.984,-0.020901,-0.010546,0.014191,0.025177,1.913836,4.574497,0.000000,0.000000,False,False
2025-12-07 16:49:17.997,-0.020517,-0.010546,-0.005035,-0.002289,2.005366,4.679820,0.000000,0.000000,False,False
2025-12-07 16:49:18.104,-0.020901,-0.010546,0.029755,0.000458,2.096961,4.785150,0.000000,0.000000,False,False
2025-12-07 16:49:18.116,-0.020901,-0.010546,-0.004120,-0.002289,2.188594,4.890496,0.000000,0.000000,False,False
2025-12-07 16:49:18.223,-0.020901,-0.010546,-0.005035,-0.042573,2.280267,4.995870,0.000000,0.000000,False,False
2025-12-07 16:49:18.234,-0.020901,-0.010546,-0.026093,-0.014191,2.371977,5.101281,0.000000,0.000000,False,False
2025-12-07 16:49:18.344,-0.020901,-0.010546,0.036164,0.075532,2.463717,5.206741,0.000000,0.000000,False,False
2025-12-07 16:49:18.354,-0.020901,-0.010546,0.024262,0.013275,2.555482,5.312255,0.000000,0.000000,False,False
2025-12-07 16:49:18.470,-0.020901,-0.010930,-0.005035,-0.071870,2.647263,5.417779,0.000000,0.000000,False,False
2025-12-07 16:49:18.481,-0.020901,-0.010930,0.037079,-0.007782,2.739056,5.523343,0.000000,0.000000,False,False
2025-12-07 16:49:18.586,-0.020901,-0.010930,-0.030671,-0.082856,2.830861,5.628931,0.000000,0.000000,False,False
2025-12-07 16:49:18.598,-0.020901,-0.011313,0.027008,-0.060883,2.922679,5.734457,0.000000,0.000000,False,False
2025-12-07 16:49:18.711,-0.020517,-0.010930,0.034333,0.014191,3.014438,5.840024,0.000000,0.000000,False,False
2025-12-07 16:49:18.721,-0.020134,-0.010546,0.005951,-0.037995,3.106144,5.945613,0.000000,0.000000,False,False
2025-12-07 16:49:18.839,-0.020134,-0.010930,-0.042573,-0.029755,3.197875,6.051058,0.000000,0.000000,False,False
2025-12-07 16:49:18.850,-0.020517,-0.010930,-0.047150,-0.045319,3.289709,6.156420,0.000000,0.000000,False,False
2025-12-07 16:49:18.955,-0.020517,-0.010930,0.053559,-0.046235,3.381563,6.261686,0.000000,0.000000,False,False
2025-12-07 16:49:18.965,-0.020134,-0.010930,0.076448,-0.024262,3.473352,0.083665,0.000000,0.000000,False,False
2025-12-07 16:49:19.066,-0.020134,-0.010546,-0.067292,0.048981,3.565147,0.188806,0.000000,0.000000,False,False
2025-12-07 16:49:19.080,-0.020134,-0.010930,-0.013275,-0.059052,3.656940,0.293780,0.000000,0.000000,False,False
2025-12-07 16:49:19.188,-0.020134,-0.010930,0.010529,-0.004120,3.748722,0.398691,0.000000,0.000000,False,False
2025-12-07 16:49:19.199,-0.020134,-0.010930,-0.049897,-0.130465,3.840490,0.503573,0.000000,0.000000,False,False
2025-12-07 16:49:19.299,-0.020134,-0.010930,-0.073701,0.002289,3.932242,0.608460,0.000000,0.000000,False,False
2025-12-07 16:49:19.313,-0.020134,-0.010546,0.023346,-0.046235,4.023979,0.713443,0.000000,0.000000,False,False
2025-12-07 16:49:19.426,-0.020134,-0.010930,-0.026093,0.044404,4.115702,0.818406,0.000000,0.000000,False,False
2025-12-07 16:49:19.437,-0.020517,-0.010930,-0.048066,-0.012360,4.207452,0.923423,0.000000,0.000000,False,False
2025-12-07 16:49:19.550,-0.020517,-0.010546,-0.003204,-0.016022,4.299175,1.028543,0.000000,0.000000,False,False
2025-12-07 16:49:19.560,-0.020517,-0.010930,-0.039826,-0.012360,4.390868,1.133666,0.000000,0.000000,False,False
2025-12-07 16:49:19.711,-0.020517,-0.010546,0.007782,0.012360,4.482527,1.238870,0.000000,0.000000,False,False
2025-12-07 16:49:19.726,-0.020517,-0.010930,0.038911,-0.016022,4.574151,1.344082,0.000000,0.000000,False,False
2025-12-07 16:49:19.833,-0.020517,-0.010546,0.092012,-0.030671,4.665737,1.449348,0.000000,0.000000,False,False
2025-12-07 16:49:19.844,-0.020517,-0.010930,-0.055390,-0.068208,4.757290,1.554625,0.000000,0.000000,False,False
2025-12-07 16:49:19.955,-0.020517,-0.010930,-0.009613,0.020600,4.848815,1.659923,0.000000,0.000000,False,False
2025-12-07 16:49:19.965,-0.020517,-0.010930,0.052644,0.001373,4.940318,1.765237,0.000000,0.000000,False,False
2025-12-07 16:49:20.079,-0.020134,-0.010930,0.043488,-0.024262,5.031823,1.870560,0.000000,0.000000,False,False
2025-12-07 16:49:20.089,-0.020517,-0.010930,-0.079194,0.016938,5.123301,1.975891,0.000000,0.000000,False,False
2025-12-07 16:49:20.194,-0.020134,-0.010930,-0.081025,-0.077363,5.214808,2.081230,0.000000,0.000000,False,False
2025-12-07 16:49:20.208,-0.020134,-0.010930,-0.037995,0.079194,5.306322,2.186577,0.000000,0.000000,False,False
2025-12-07 16:49:20.308,-0.019750,-0.010546,0.027008,-0.027008,5.397889,2.291888,0.000000,0.000000,False,False
2025-12-07 16:49:20.319,-0.020134,-0.010546,-0.017853,-0.005951,5.489421,2.397204,0.000000,0.000000,False,False
2025-12-07 16:49:20.417,-0.020134,-0.010546,-0.070954,0.016938,5.580963,2.502524,0.000000,0.000000,False,False
2025-12-07 16:49:20.427,-0.019750,-0.010546,0.020600,0.028840,5.672574,2.607848,0.000000,0.000000,False,False
2025-12-07 16:49:20.540,-0.019750,-0.010546,-0.038911,-0.004120,5.764190,2.713171,0.000000,0.000000,False,False
2025-12-07 16:49:20.550,-0.019750,-0.010546,0.003204,-0.053559,5.855804,2.818489,0.000000,0.000000,False,False
2025-12-07 16:49:20.684,-0.019750,-0.010546,0.037995,-0.087434,5.947414,2.923799,0.000000,0.000000,False,False
2025-12-07 16:49:20.695,-0.019750,-0.010930,-0.059968,-0.076448,6.039015,3.029173,0.000000,0.000000,False,False
2025-12-07 16:49:20.813,-0.019750,-0.010546,-0.053559,0.029755,6.130605,3.134454,0.000000,0.000000,False,False
2025-12-07 16:49:20.824,-0.019750,-0.010546,-0.033417,0.102083,6.222181,3.239720,0.000000,0.000000,False,False
2025-12-07 16:49:20.933,-0.019750,-0.010546,0.033417,-0.067292,0.030558,3.344971,0.000000,0.000000,False,False
2025-12-07 16:49:20.944,-0.020134,-0.010930,-0.118563,0.013275,0.122027,3.450285,0.000000,0.000000,False,False
2025-12-07 16:49:21.065,-0.019750,-0.010546,-0.012360,0.032502,0.213561,3.555514,0.000000,0.000000,False,False
2025-12-07 16:49:21.076,-0.019750,-0.010930,-0.010529,0.031586,0.305083,3.660812,0.000000,0.000000,False,False
2025-12-07 16:49:21.186,-0.020134,-0.010546,-0.081025,-0.040742,0.396522,3.766040,0.000000,0.000000,False,False
2025-12-07 16:49:21.196,-0.019750,-0.010930,0.017853,-0.013275,0.488034,3.871340,0.000000,0.000000,False,False
2025-12-07 16:49:21.301,-0.019750,-0.010546,0.013275,-0.067292,0.579547,3.976585,0.000000,0.000000,False,False
2025-12-07 16:49:21.316,-0.019750,-0.010546,-0.011444,0.032502,0.671063,4.081841,0.000000,0.000000,False,False
2025-12-07 16:49:21.415,-0.019750,-0.010546,-0.019684,-0.004120,0.762586,4.187108,0.000000,0.000000,False,False
2025-12-07 16:49:21.431,-0.019750,-0.010163,-0.044404,0.068208,0.854117,4.292344,0.000000,0.000000,False,False
2025-12-07 16:49:21.530,-0.019750,-0.010163,0.084688,0.039826,0.945657,4.397594,0.000000,0.000000,False,False
2025-12-07 16:49:21.540,-0.019750,-0.010546,-0.059968,0.037995,1.037203,4.502881,0.000000,0.000000,False,False
2025-12-07 16:49:21.640,-0.019750,-0.010546,-0.025177,-0.058137,1.128756,4.608169,0.000000,0.000000,False,False
2025-12-07 16:49:21.654,-0.020134,-0.010546,0.062715,0.037995,1.220279,4.713461,0.000000,0.000000,False,False
2025-12-07 16:49:21.757,-0.020134,-0.010546,-0.032502,-0.063630,1.311810,4.818759,0.000000,0.000000,False,False
2025-12-07 16:49:21.771,-0.020134,-0.010546,-0.074617,0.016022,1.403347,4.924066,0.000000,0.000000,False,False
2025-12-07 16:49:21.874,-0.020134,-0.010546,-0.027924,0.007782,1.494887,5.029387,0.000000,0.000000,False,False
2025-12-07 16:49:21.889,-0.019750,-0.010546,0.055390,0.037079,1.586432,5.134727,0.000000,0.000000,False,False
2025-12-07 16:49:21.996,-0.019750,-0.010546,-0.102998,0.022431,1.677969,5.240090,0.000000,0.000000,False,False
2025-12-07 16:49:22.006,-0.019750,-0.010546,-0.045319,0.042573,1.769497,5.345479,0.000000,0.000000,False,False
2025-12-07 16:49:22.112,-0.019750,-0.010546,-0.011444,0.007782,1.861019,5.450892,0.000000,0.000000,False,False
2025-12-07 16:49:22.125,-0.019750,-0.010546,-0.010529,-0.057221,1.952537,5.556324,0.000000,0.000000,False,False
2025-12-07 16:49:22.220,-0.019750,-0.010546,0.014191,0.015106,2.044051,5.661766,0.000000,0.000000,False,False
2025-12-07 16:49:22.234,-0.019750,-0.010546,0.016938,0.020600,2.135563,5.767207,0.000000,0.000000,False,False
2025-12-07 16:49:22.329,-0.020134,-0.010930,-0.017853,-0.024262,2.227119,5.872568,0.000000,0.000000,False,False
2025-12-07 16:49:22.343,-0.019750,-0.010930,0.043488,0.047150,2.318632,5.977909,0.000000,0.000000,False,False
2025-12-07 16:49:22.440,-0.020517,-0.010930,0.008698,-0.026093,2.410255,6.083223,0.000000,0.000000,False,False
2025-12-07 16:49:22.453,-0.020134,-0.010546,0.044404,0.018769,2.501827,6.188578,0.000000,0.000000,False,False
2025-12-07 16:49:22.555,-0.020134,-0.010546,0.059968,-0.007782,2.593403,0.010709,0.000000,0.000000,False,False
2025-12-07 16:49:22.565,-0.020134,-0.010546,0.005035,0.031586,2.684983,0.115983,0.000000,0.000000,False,False
2025-12-07 16:49:22.677,-0.020134,-0.010546,0.061799,-0.001373,2.776566,0.221218,0.000000,0.000000,False,False
2025-12-07 16:49:22.691,-0.020134,-0.010546,0.010529,0.001373,2.868153,0.326418,0.000000,0.000000,False,False
2025-12-07 16:49:22.800,-0.020134,-0.010546,0.019684,0.026093,2.959743,0.431594,0.000000,0.000000,False,False
2025-12-07 16:49:22.825,-0.020134,-0.010546,0.045319,-0.014191,3.051337,0.536759,0.000000,0.000000,False,False
2025-12-07 16:49:22.923,-0.020134,-0.010930,0.078279,0.007782,3.142936,0.641859,0.000000,0.000000,False,False
2025-12-07 16:49:22.936,-0.020517,-0.010930,-0.005035,-0.005035,3.234617,0.746980,0.000000,0.000000,False,False
2025-12-07 16:49:23.039,-0.020517,-0.010546,0.044404,0.067292,3.326301,0.852184,0.000000,0.000000,False,False
2025-12-07 16:49:23.052,-0.020134,-0.010546,0.065461,0.047150,3.417909,0.957405,0.000000,0.000000,False,False
2025-12-07 16:49:23.152,-0.020517,-0.010546,0.019684,0.105745,3.509593,1.062644,0.000000,0.000000,False,False
2025-12-07 16:49:23.163,-0.019750,-0.010163,0.000458,-0.005951,3.601126,1.167936,0.000000,0.000000,False,False
2025-12-07 16:49:23.261,-0.019750,-0.010546,0.001373,0.010529,3.692666,1.273203,0.000000,0.000000,False,False
2025-12-07 16:49:23.275,-0.019750,-0.010546,0.140536,0.036164,3.784211,1.378481,0.000000,0.000000,False,False
2025-12-07 16:49:23.375,-0.019750,-0.010546,0.027008,-0.079194,3.875761,1.483767,0.000000,0.000000,False,False
2025-12-07 16:49:23.400,-0.019750,-0.010546,0.002289,0.025177,3.967316,1.589058,0.000000,0.000000,False,False
2025-12-07 16:49:23.499,-0.019750,-0.010546,0.035248,-0.135042,4.058874,1.694351,0.000000,0.000000,False,False
2025-12-07 16:49:23.513,-0.020134,-0.010546,0.007782,0.033417,4.150482,1.799645,0.000000,0.000000,False,False
2025-12-07 16:49:23.612,-0.020134,-0.010546,0.068208,0.023346,4.242082,1.904938,0.000000,0.000000,False,False
2025-12-07 16:49:23.625,-0.019750,-0.010546,0.028840,0.043488,4.333640,2.010231,0.000000,0.000000,False,False
2025-12-07 16:49:23.721,-0.020134,-0.010546,0.035248,-0.022431,4.425226,2.115523,0.000000,0.000000,False,False
2025-12-07 16:49:23.748,-0.020134,-0.010546,0.016938,0.037995,4.516803,2.220817,0.000000,0.000000,False,False
2025-12-07 16:49:23.860,-0.020134,-0.010546,0.027924,-0.004120,4.608372,2.326113,0.000000,0.000000,False,False
2025-12-07 16:49:23.872,-0.020134,-0.010930,-0.019684,0.048066,4.699933,2.431464,0.000000,0.000000,False,False
2025-12-07 16:49:23.972,-0.020134,-0.010546,0.045319,0.070039,4.791488,2.536759,0.000000,0.000000,False,False
2025-12-07 16:49:23.981,-0.020134,-0.010163,-0.068208,-0.001373,4.883037,2.641992,0.000000,0.000000,False,False
2025-12-07 16:49:24.085,-0.020517,-0.010163,-0.024262,0.079194,4.974570,2.747225,0.000000,0.000000,False,False
2025-12-07 16:49:24.095,-0.020517,-0.010163,-0.014191,-0.027008,5.066097,2.852457,0.000000,0.000000,False,False
2025-12-07 16:49:24.198,-0.020134,-0.010546,-0.066377,-0.024262,5.157645,2.957761,0.000000,0.000000,False,False
2025-12-07 16:49:24.212,-0.020517,-0.010546,0.054475,-0.064546,5.249161,3.063057,0.000000,0.000000,False,False
2025-12-07 16:49:24.313,-0.020134,-0.010546,0.019684,-0.004120,5.340714,3.168345,0.000000,0.000000,False,False
2025-12-07 16:49:24.324,-0.020134,-0.010546,0.019684,0.090181,5.432270,3.273625,0.000000,0.000000,False,False
2025-12-07 16:49:24.425,-0.020134,-0.010546,0.041657,0.005951,5.523827,3.378896,0.000000,0.000000,False,False
2025-12-07 16:49:24.439,-0.020517,-0.010163,-0.037079,0.050813,5.615329,3.484085,0.000000,0.000000,False,False
2025-12-07 16:49:24.543,-0.020134,-0.010546,0.025177,0.016938,5.706893,3.589349,0.000000,0.000000,False,False
2025-12-07 16:49:24.557,-0.020134,-0.010546,0.043488,-0.033417,5.798455,3.694613,0.000000,0.000000,False,False
2025-12-07 16:49:24.657,-0.020134,-0.010546,0.079194,0.019684,5.890016,3.799878,0.000000,0.000000,False,False
2025-12-07 16:49:24.671,-0.020134,-0.010546,0.032502,-0.036164,5.981573,3.905147,0.000000,0.000000,False,False
2025-12-07 16:49:24.778,-0.020134,-0.010163,0.023346,-0.029755,6.073126,4.010364,0.000000,0.000000,False,False
2025-12-07 16:49:24.788,-0.020134,-0.010163,0.001373,-0.026093,6.164675,4.115595,0.000000,0.000000,False,False
2025-12-07 16:49:24.895,-0.020134,-0.010163,0.092927,-0.062715,6.256218,4.220838,0.000000,0.000000,False,False
2025-12-07 16:49:24.906,-0.020134,-0.010163,0.013275,-0.026093,0.064571,4.326089,0.000000,0.000000,False,False
2025-12-07 16:49:25.012,-0.019750,-0.010163,0.035248,-0.013275,0.156180,4.431349,0.000000,0.000000,False,False
2025-12-07 16:49:25.026,-0.019750,-0.010163,-0.027008,-0.005035,0.247783,4.536615,0.000000,0.000000,False,False
2025-12-07 16:49:25.129,-0.019750,-0.010163,0.047150,-0.006867,0.339378,4.641887,0.000000,0.000000,False,False
2025-12-07 16:49:25.143,-0.019750,-0.010163,0.019684,-0.073701,0.430965,4.747166,0.000000,0.000000,False,False
2025-12-07 16:49:25.242,-0.019367,-0.010163,0.016938,-0.016022,0.522617,4.852452,0.000000,0.000000,False,False
2025-12-07 16:49:25.257,-0.019367,-0.010163,-0.081025,-0.025177,0.614255,4.957747,0.000000,0.000000,False,False
2025-12-07 16:49:25.360,-0.019367,-0.010163,-0.016022,0.034333,0.705881,5.063053,0.000000,0.000000,False,False
2025-12-07 16:49:25.374,-0.019367,-0.010163,0.010529,0.044404,0.797498,5.168372,0.000000,0.000000,False,False
2025-12-07 16:49:25.484,-0.019367,-0.010163,0.040742,-0.018769,0.889107,5.273704,0.000000,0.000000,False,False
2025-12-07 16:49:25.494,-0.019367,-0.010163,-0.016938,-0.046235,0.980711,5.379053,0.000000,0.000000,False,False
2025-12-07 16:49:25.598,-0.018983,-0.010163,0.030671,-0.033417,1.072355,5.484415,0.000000,0.000000,False,False
2025-12-07 16:49:25.611,-0.018983,-0.010163,-0.027924,0.001373,1.163988,5.589788,0.000000,0.000000,False,False
2025-12-07 16:49:25.710,-0.018983,-0.010163,-0.045319,-0.038911,1.255609,5.695166,0.000000,0.000000,False,False
2025-12-07 16:49:25.720,-0.018983,-0.010163,0.001373,-0.007782,1.347219,5.800544,0.000000,0.000000,False,False
2025-12-07 16:49:25.825,-0.018983,-0.009779,-0.026093,-0.004120,1.438817,5.905986,0.000000,0.000000,False,False
2025-12-07 16:49:25.836,-0.018983,-0.009779,-0.111238,-0.020600,1.530402,6.011418,0.000000,0.000000,False,False
2025-12-07 16:49:25.933,-0.018983,-0.009779,0.056306,-0.037995,1.621974,6.116839,0.000000,0.000000,False,False
2025-12-07 16:49:25.946,-0.018600,-0.009779,0.101167,-0.023346,1.713528,6.222248,0.000000,0.000000,False,False
2025-12-07 16:49:26.051,-0.018600,-0.009396,0.011444,-0.037995,1.805064,0.044539,0.000000,0.000000,False,False
2025-12-07 16:49:26.060,-0.018600,-0.009779,0.056306,-0.040742,1.896581,0.149925,0.000000,0.000000,False,False
2025-12-07 16:49:26.159,-0.017833,-0.006711,0.008698,0.085603,1.988032,0.255916,0.000000,0.000000,False,False
2025-12-07 16:49:26.172,-0.017449,-0.004410,0.017853,0.264134,2.079424,0.362317,0.000000,0.000000,False,False
2025-12-07 16:49:26.271,-0.012080,0.064236,0.094759,0.699016,2.170257,0.481669,0.000000,0.000000,False,False
2025-12-07 16:49:26.281,-0.011313,0.070756,0.051728,0.589151,2.260931,0.600640,0.000000,0.000000,False,False
2025-12-07 16:49:26.380,-0.010930,0.074591,0.091096,0.742046,2.351501,0.718377,0.000000,0.000000,False,False
2025-12-07 16:49:26.394,-0.009396,0.122912,-0.011444,0.084688,2.441818,0.841664,0.000000,0.000000,False,False
2025-12-07 16:49:26.496,-0.003643,0.123679,0.300755,-0.040742,2.531227,0.962159,0.000000,0.000000,False,False
2025-12-07 16:49:26.510,0.000192,0.122528,0.449073,-0.094759,2.620011,1.080097,0.000000,0.000000,False,False
2025-12-07 16:49:26.686,0.002109,0.122145,0.389563,-0.177157,2.708492,1.195908,0.000000,0.000000,False,False
2025-12-07 16:49:26.696,0.092999,0.069605,1.266651,-0.461891,2.780226,1.305811,0.000000,11.068831,True,True
2025-12-07 16:49:26.797,0.106805,0.065770,1.441520,-0.337377,2.849863,1.414802,-0.001078,10.142981,True,True
2025-12-07 16:49:26.809,0.112941,0.064620,1.454337,-0.332799,2.918628,1.522975,-0.065339,8.928081,True,True
2025-12-07 16:49:26.910,0.259438,0.029338,1.141222,-0.473793,2.958369,1.629927,-0.181741,7.512028,True,True
2025-12-07 16:49:26.926,0.273628,0.022435,0.914168,-0.534218,2.996022,1.736761,-0.365151,5.985082,True,True
2025-12-07 16:49:27.030,0.351095,-0.000575,0.542458,-0.016938,3.018553,1.844185,-0.512641,4.451044,True,True
2025-12-07 16:49:27.045,0.362600,-0.024352,-0.001373,-0.362097,3.039586,1.953064,-0.676979,3.015422,True,True
2025-12-07 16:49:27.143,0.361833,-0.028187,-0.124056,-0.383154,3.061447,2.062710,-0.875431,1.797217,True,True
2025-12-07 16:49:27.157,0.338056,-0.068071,-0.619364,-0.437171,3.088576,2.176669,-1.160728,0.856050,True,True
2025-12-07 16:49:27.255,0.333454,-0.072673,-0.539712,-0.461891,3.116688,2.292147,-1.500852,0.275614,True,True
2025-12-07 16:49:27.268,0.308143,-0.120611,-0.012360,-0.394141,3.149843,2.414912,-1.957101,0.027559,True,True
2025-12-07 16:49:27.365,0.308143,-0.123679,-0.019684,-0.376745,3.182620,2.539141,-2.461798,0.000000,True,True
2025-12-07 16:49:27.379,0.293570,-0.134801,-0.132296,-0.002289,3.218035,2.665850,-3.059333,0.000000,True,True
2025-12-07 16:49:27.479,0.291652,-0.134801,-0.227512,0.010529,3.253510,2.793104,-3.702455,0.000000,True,True
2025-12-07 16:49:27.492,0.290885,-0.134801,-0.201877,0.011444,3.289007,2.921216,-4.379217,-0.070777,True,True
2025-12-07 16:49:27.594,0.209200,-0.071139,-0.854658,1.653925,3.341053,3.038190,-5.405644,-0.665265,True,True
2025-12-07 16:49:27.604,0.198078,-0.048129,-0.831769,1.826963,3.394968,3.152425,-6.472389,-1.995005,True,True
2025-12-07 16:49:27.725,0.127514,0.177753,-0.649577,1.800412,3.462749,3.222828,-7.748952,-3.143860,True,True
2025-12-07 16:49:27.758,0.121761,0.194243,-0.633097,1.754635,3.531167,3.291890,-8.885494,-4.435280,True,True
2025-12-07 16:49:27.870,0.119460,0.201146,-0.617533,1.707942,3.599926,3.361878,-9.804064,-5.819726,True,True
2025-12-07 16:49:27.879,0.060401,0.343425,-0.460060,0.897688,3.679739,3.406414,-10.534274,-6.695006,True,True
2025-12-07 16:49:27.978,0.055799,0.351862,-0.481117,0.746624,3.759826,3.453001,-10.904128,-7.572729,True,True
2025-12-07 16:49:27.992,-0.005561,0.392896,-0.414282,-0.077363,3.849777,3.495938,-10.999712,-8.324114,True,True
2025-12-07 16:49:28.092,-0.009396,0.392513,-0.507668,-0.095674,3.938909,3.543883,-10.934319,-9.073963,True,True
2025-12-07 16:49:28.105,-0.063086,0.315813,-0.599222,-0.910506,4.034586,3.611481,-10.355075,-9.932889,True,True
2025-12-07 16:49:28.197,-0.068455,0.307759,-0.524147,-0.778668,4.128952,3.685316,-9.024947,-10.571339,True,True
2025-12-07 16:49:28.210,-0.108339,0.288584,-0.255894,-0.016022,4.226034,3.766760,-6.991800,-10.921157,True,True
2025-12-07 16:49:28.309,-0.111790,0.288584,-0.312657,-0.000458,4.320918,3.851368,-4.709387,-10.999797,True,True
2025-12-07 16:49:28.322,-0.097984,0.271710,0.989242,-0.650492,4.412169,3.940745,-2.654447,-10.929604,True,True
2025-12-07 16:49:28.420,-0.094149,0.269026,1.068894,-0.695354,4.500866,4.031331,-1.131376,-10.387250,True,True
2025-12-07 16:49:28.433,0.115625,0.170466,2.220645,-0.150607,4.578266,4.134618,-0.338253,-8.922135,True,True
2025-12-07 16:49:28.532,0.297405,0.125213,1.110094,-0.406043,4.652162,4.240285,-0.035302,-6.656940,True,True
2025-12-07 16:49:28.547,0.310060,0.119460,0.764019,-0.373999,4.729704,4.343227,0.000000,-4.178670,True,True
2025-12-07 16:49:28.644,0.388294,0.080727,0.720073,-0.675212,4.810894,4.446671,0.000000,-1.991689,True,True
2025-12-07 16:49:28.659,0.395964,0.071906,0.594644,-0.535134,4.896205,4.548518,0.000000,-0.581068,True,True
2025-12-07 16:49:28.757,0.407470,0.012464,-0.088350,-0.772259,4.985524,4.651349,0.000000,-0.036694,True,True
2025-12-07 16:49:28.770,0.309677,-0.101436,-0.775921,-0.730144,5.072998,4.754429,0.000000,0.000000,True,True
2025-12-07 16:49:28.876,0.302007,-0.109106,-0.666972,-0.599222,5.162021,4.854964,0.000000,0.000000,True,True
2025-12-07 16:49:28.890,0.279764,-0.165481,-0.112154,-0.251316,5.251377,4.952185,0.000000,0.000000,True,True
2025-12-07 16:49:28.997,0.279764,-0.165481,0.000458,0.008698,5.343098,5.047271,0.000000,0.000000,True,True
2025-12-07 16:49:29.007,0.278997,-0.165481,-0.120394,0.022431,5.437392,5.140374,0.014615,0.000000,True,True
2025-12-07 16:49:29.120,0.194243,-0.114858,-0.794232,1.614557,5.523028,5.235614,0.091263,0.000000,True,True
2025-12-07 16:49:29.134,0.181588,-0.091081,-0.869306,1.691463,5.608817,5.331295,0.269576,0.000000,True,True
2025-12-07 16:49:29.232,0.178136,-0.084178,-0.982834,1.837949,5.695898,5.425592,0.580038,0.009986,True,True
2025-12-07 16:49:29.245,0.097601,0.147456,-0.677958,2.003662,5.770904,5.548261,0.961803,0.131786,True,True
2025-12-07 16:49:29.343,0.038158,0.293570,-0.394141,1.017624,5.836731,5.691059,1.385117,0.559096,True,True
2025-12-07 16:49:29.357,0.032406,0.304691,-0.519570,0.856489,5.902795,5.833769,1.889758,1.364328,True,True
2025-12-07 16:49:29.452,-0.031639,0.352629,-0.317235,-0.123140,5.957628,5.983682,2.365001,2.607281,True,True
2025-12-07 16:49:29.466,-0.038158,0.351478,-0.433509,-0.170748,6.012043,6.134215,2.882116,4.176941,True,True
2025-12-07 16:49:29.570,-0.104504,0.293953,-0.714580,-0.774090,6.053798,6.277212,3.306049,5.836332,True,True
2025-12-07 16:49:29.580,-0.110256,0.287434,-0.570840,-0.635843,6.094860,0.141399,3.742768,7.560212,True,True
2025-12-07 16:49:29.681,-0.112557,0.285133,-0.583658,-0.576333,6.135486,0.293655,4.191193,9.184843,True,True
2025-12-07 16:49:29.695,-0.156660,0.281298,-0.059052,-0.123140,6.166892,0.447176,4.546986,10.507244,True,True
2025-12-07 16:49:29.795,-0.140170,0.256754,0.884871,-0.518654,6.201453,0.592906,4.945741,11.374870,True,True
2025-12-07 16:49:29.808,0.070756,0.170083,2.574044,-0.225681,6.278139,0.717166,5.847310,11.799490,True,True
2025-12-07 16:49:29.906,0.094149,0.168165,2.497139,-0.217441,0.073382,0.835904,6.773263,11.971049,True,True
2025-12-07 16:49:29.920,0.296638,0.106805,1.308766,-0.547036,0.189731,0.941441,8.101062,11.999919,True,True
2025-12-07 16:49:30.017,0.307759,0.101819,1.145800,-0.498512,0.302846,1.044284,9.274271,11.981288,True,True
2025-12-07 16:49:30.031,0.411688,0.050814,0.879377,-0.396887,0.430930,1.140816,10.385964,11.838259,True,True
2025-12-07 16:49:30.137,0.419358,0.046212,0.743877,-0.466468,0.553760,1.237930,11.181515,11.476379,True,True
2025-12-07 16:49:30.147,0.422426,0.044294,0.587320,-0.365759,0.671654,1.336723,11.676230,10.839642,True,True
2025-12-07 16:49:30.245,0.410538,-0.014765,-0.811627,-0.435340,0.783894,1.435184,11.919728,9.934769,True,True
2025-12-07 16:49:30.258,0.398266,-0.020901,-0.928817,-0.621195,0.892444,1.537394,11.995288,8.747598,True,True
2025-12-07 16:49:30.404,0.287817,-0.115242,-0.533303,-0.906844,0.986075,1.642727,11.999326,7.332845,True,True
2025-12-07 16:49:30.418,0.280147,-0.167782,0.043488,-0.093843,1.080334,1.753650,11.948483,5.740815,True,True
2025-12-07 16:49:30.519,0.280147,-0.168165,-0.047150,-0.103914,1.175435,1.869034,11.737547,4.108733,True,True
2025-12-07 16:49:30.532,0.259438,-0.164714,-1.002060,0.064546,1.268564,1.986919,11.308743,2.610582,True,True
2025-12-07 16:49:30.634,0.248700,-0.163563,-1.095445,0.110323,1.359825,2.105685,10.650787,1.400243,True,True
2025-12-07 16:49:30.647,0.145539,0.005944,-0.758526,2.008240,1.444582,2.206536,9.835324,0.669939,True,True
2025-12-07 16:49:30.752,0.086863,0.202680,-0.660563,1.723507,1.527066,2.281010,8.877261,0.315595,True,True
2025-12-07 16:49:30.765,0.078809,0.223773,-0.737469,1.550469,1.609272,2.350640,7.797659,0.116630,True,True
2025-12-07 16:49:30.863,0.031639,0.320031,-0.424353,0.719158,1.691567,2.405640,6.637603,0.035772,True,True
2025-12-07 16:49:30.877,-0.019750,0.348027,-0.507668,-0.053559,1.775677,2.457363,5.423037,0.005281,True,True
2025-12-07 16:49:30.984,-0.023585,0.347643,-0.395056,0.003204,1.861592,2.510967,4.210516,0.000000,True,True
2025-12-07 16:49:30.997,-0.068071,0.295487,-0.455482,-0.522316,1.952400,2.575248,3.023582,0.000000,True,True
2025-12-07 16:49:31.101,-0.071523,0.290502,-0.395056,-0.501259,2.047332,2.642084,1.951001,0.000000,True,True
2025-12-07 16:49:31.114,-0.106805,0.283599,-0.298009,0.005951,2.150557,2.711847,1.039671,0.000000,True,True
2025-12-07 16:49:31.211,-0.107955,0.283599,-0.269627,-0.063630,2.260631,2.783075,0.397316,0.000000,True,True
2025-12-07 16:49:31.224,-0.094149,0.259822,0.764935,0.047150,2.376288,2.859956,0.071569,-0.003238,True,True
2025-12-07 16:49:31.327,0.276696,0.173918,2.346990,-0.384985,2.444343,2.954124,0.009768,-0.165741,True,True
2025-12-07 16:49:31.337,0.307376,0.168932,2.286564,-0.319982,2.510409,3.048974,0.000001,-0.758745,True,True
2025-12-07 16:49:31.437,0.512549,0.136335,1.925841,0.824445,2.545279,3.149907,0.000000,-1.958039,True,True
2025-12-07 16:49:31.451,0.775630,0.281681,1.703365,0.341039,2.539383,3.220601,0.000000,-3.104480,True,True
2025-12-07 16:49:31.548,0.784834,0.283982,1.660334,0.421607,2.539078,3.290866,0.000000,-4.415346,True,True
2025-12-07 16:49:31.561,0.861534,0.311594,0.207370,-0.222934,2.532323,3.355939,0.000000,-5.701730,True,True
2025-12-07 16:49:31.654,0.861918,0.310060,0.162509,-0.305333,2.532546,3.422329,0.000000,-7.000591,True,True
2025-12-07 16:49:31.668,0.855398,0.282065,-0.525063,-0.699016,2.539993,3.495742,0.000000,-8.320848,True,True
2025-12-07 16:49:31.767,0.853481,0.278613,-0.483864,-0.874800,2.553022,3.571601,0.000000,-9.456305,True,True
2025-12-07 16:49:31.781,0.845427,0.198845,-0.022431,-0.918746,2.571980,3.664324,0.000000,-10.422421,True,True
2025-12-07 16:49:31.876,0.845427,0.194243,-0.105745,-1.355459,2.594735,3.758737,0.000000,-10.901261,True,True
2025-12-07 16:49:31.889,0.805543,0.092232,-0.662394,-1.365530,2.627556,3.870749,0.000000,-10.999949,True,True
2025-12-07 16:49:31.987,0.802475,0.086479,-0.861982,-1.400320,2.662605,3.981617,0.000000,-10.765227,True,True
2025-12-07 16:49:32.000,0.696246,0.019750,-1.265736,-0.428931,2.717577,4.099521,0.000000,-9.519558,True,True
2025-12-07 16:49:32.096,0.540161,0.071139,-1.385672,1.402152,2.798838,4.207829,0.000000,-7.409630,True,True
2025-12-07 16:49:32.110,0.338823,0.269793,-1.426871,1.996338,2.910580,4.294866,-0.050138,-5.339748,True,True
2025-12-07 16:49:32.208,0.261739,0.345342,-1.999084,0.954452,3.021590,4.378320,-0.534769,-3.375400,True,True
2025-12-07 16:49:32.222,0.039692,0.529806,-1.978943,0.347448,3.157846,4.453227,-2.075648,-1.875235,True,True
2025-12-07 16:49:32.317,-0.129048,0.608807,-1.095445,0.846418,3.301798,4.530333,-4.628877,-0.767514,True,True
2025-12-07 16:49:32.330,-0.145922,0.611875,-1.375601,-0.040742,3.420891,4.614450,-6.973188,-0.141352,True,True
2025-12-07 16:49:32.431,-0.251385,0.599220,-0.817121,-0.252232,3.540103,4.705574,-9.018771,-0.000056,True,True
2025-12-07 16:49:32.441,-0.260205,0.595001,-0.941634,-0.715496,3.644423,4.802711,-10.257375,0.000000,True,True
2025-12-07 16:49:32.541,-0.264040,0.590783,-1.040513,-1.126574,3.740320,4.905222,-10.844502,0.000000,True,True
2025-12-07 16:49:32.554,-0.342658,0.488772,-0.509499,-0.533303,3.845850,5.008943,-10.999410,0.000000,True,True
2025-12-07 16:49:32.659,-0.344575,0.485704,-0.398718,-0.761273,3.950578,5.116020,-10.900727,0.000000,True,True
2025-12-07 16:49:32.673,-0.375255,0.413606,0.072786,-1.226368,4.061809,5.221523,-10.049394,0.000000,True,True
2025-12-07 16:49:32.790,-0.375639,0.408237,0.011444,-1.371939,4.176258,5.330233,-8.099695,0.000000,True,True
2025-12-07 16:49:32.805,-0.357231,0.302390,1.394827,-0.814374,4.291334,5.430847,-5.425593,0.011907,True,True
2025-12-07 16:49:32.902,-0.350711,0.298555,1.723507,-0.966354,4.405873,5.534221,-2.783729,0.108095,True,True
2025-12-07 16:49:32.915,-0.194243,0.167015,2.441291,-0.940719,4.506586,5.621309,-1.054816,0.305671,True,True
2025-12-07 16:49:33.017,-0.181588,0.162796,3.055619,-0.715496,4.602691,5.710100,-0.194161,0.644067,True,True
2025-12-07 16:49:33.027,0.039692,0.069222,1.771115,-1.205310,4.687625,5.784918,-0.002619,1.045073,True,True
2025-12-07 16:49:33.130,0.060401,0.062702,2.662852,-0.283360,4.769640,5.860310,0.000000,1.556314,True,True
2025-12-07 16:49:33.143,0.287817,-0.007478,1.830625,-1.002976,4.851369,5.923695,0.000000,2.065140,True,True
2025-12-07 16:49:33.245,0.305458,-0.012847,2.017395,-0.153353,4.934116,5.986811,0.000000,2.637046,True,True
2025-12-07 16:49:33.258,0.546297,-0.015915,2.025635,-0.035248,5.028709,6.049202,0.000000,3.258329,True,True
2025-12-07 16:49:33.358,0.564705,-0.015532,1.958801,0.110323,5.130281,6.110676,0.000000,3.915579,True,True
2025-12-07 16:49:33.371,0.734596,-0.028571,0.926986,-0.258640,5.253900,6.167780,0.000000,4.557137,True,True
2025-12-07 16:49:33.464,0.744950,-0.030105,0.850080,0.057221,5.393814,6.222450,0.002509,5.190861,True,True
2025-12-07 16:49:33.478,0.796723,-0.031639,-0.004120,0.108492,5.559372,6.274415,0.152643,5.803242,True,True
2025-12-07 16:49:33.582,0.796723,-0.031255,-0.064546,0.129549,5.746455,0.040859,0.825525,6.390404,True,True
2025-12-07 16:49:33.592,0.782917,-0.038925,-0.287022,-0.248569,5.946869,0.086703,2.267958,6.929132,True,True
2025-12-07 16:49:33.696,0.780616,-0.040459,-0.150607,-0.176242,6.151647,0.130493,4.373396,7.435762,True,True
2025-12-07 16:49:33.709,0.787135,-0.047362,0.029755,-0.152438,0.071028,0.171669,6.745656,7.901164,True,True
2025-12-07 16:49:33.817,0.788286,-0.048129,0.159762,-0.036164,0.266510,0.212138,8.914109,8.344846,True,True
2025-12-07 16:49:33.830,0.782917,-0.045445,-0.306249,0.143282,0.451915,0.253205,10.541723,8.777977,True,True
2025-12-07 16:49:33.928,0.780616,-0.041610,-0.093843,0.710002,0.627919,0.295686,11.523103,9.204705,True,True
2025-12-07 16:49:33.942,0.717338,0.047746,-0.962692,1.117418,0.786420,0.356792,11.923005,9.774470,True,True
2025-12-07 16:49:34.069,0.708901,0.063469,-0.579995,1.668574,0.940465,0.421664,11.999904,10.314686,True,True
2025-12-07 16:49:34.079,0.634118,0.276312,-0.932479,2.093385,1.082173,0.527383,11.946222,11.034669,True,True
2025-12-07 16:49:34.187,0.624531,0.302390,-0.760357,3.062028,1.219027,0.635934,11.566626,11.553793,True,True
2025-12-07 16:49:34.197,0.621846,0.315429,-0.648661,3.360494,1.348019,0.745335,10.749162,11.858506,True,True
2025-12-07 16:49:34.302,0.542078,0.600370,-1.073472,2.101625,1.462998,0.896662,9.634341,11.996125,True,True
2025-12-07 16:49:34.316,0.531340,0.635652,-0.603799,3.090410,1.569447,1.044157,8.333532,11.981368,True,True
2025-12-07 16:49:34.420,0.452723,0.895282,-0.808881,2.085145,1.669463,1.209239,6.954159,11.609464,True,True
2025-12-07 16:49:34.434,0.445436,0.925195,-0.418860,2.713207,1.767339,1.356133,5.543168,10.681966,True,True
2025-12-07 16:49:34.536,0.404018,1.128834,-0.566262,1.570611,1.867426,1.490267,4.130667,9.322610,True,True
2025-12-07 16:49:34.549,0.399416,1.148393,-0.135958,1.512932,1.972069,1.598516,2.785277,7.944463,True,True
2025-12-07 16:49:34.657,0.392896,1.246953,-0.062715,0.243992,2.084910,1.686018,1.586000,6.717303,True,True
2025-12-07 16:49:34.671,0.425494,1.241200,0.153353,-0.490272,2.205784,1.757794,0.674312,5.680937,True,True
2025-12-07 16:49:34.777,0.427028,1.236215,0.233005,-0.719158,2.339682,1.818770,0.140217,4.807632,True,True
2025-12-07 16:49:34.787,0.428179,1.233147,0.283360,-0.751202,2.486747,1.872033,0.000580,4.067917,True,True
2025-12-07 16:49:34.885,0.440067,1.204768,0.059052,-0.108492,2.640405,1.921168,0.000000,3.416966,True,True
2025-12-07 16:49:34.899,0.440067,1.200549,0.032502,-0.508583,2.792393,1.966025,0.000000,2.857689,True,True
2025-12-07 16:49:34.997,0.440451,1.135737,0.081025,-0.865644,2.931699,2.012336,-0.095696,2.322719,True,True
2025-12-07 16:49:35.011,0.440834,1.118863,0.057221,-1.577935,3.051692,2.056754,-0.783383,1.856064,True,True
2025-12-07 16:49:35.109,0.481102,0.980036,1.380179,-1.065232,3.143139,2.111474,-1.860252,1.350577,True,True
2025-12-07 16:49:35.122,0.499893,0.958944,1.351797,-2.043946,3.214281,2.164918,-2.993706,0.936275,True,True
2025-12-07 16:49:35.223,0.677838,0.785985,2.110780,-1.669490,3.236950,2.234895,-3.397381,0.516770,True,True
2025-12-07 16:49:35.236,0.702765,0.762591,1.897459,-2.770886,3.252060,2.303825,-3.675434,0.237149,True,True
2025-12-07 16:49:35.333,0.905253,0.601137,2.171206,-1.579767,3.225398,2.390952,-3.189504,0.051729,True,True
2025-12-07 16:49:35.346,0.928647,0.574292,1.471733,-2.281071,3.200555,2.477491,-2.758187,0.001412,True,True
2025-12-07 16:49:35.446,1.122315,0.420892,1.885557,-1.197070,3.142422,2.584214,-1.850031,0.000000,True,True
2025-12-07 16:49:35.459,1.141873,0.402101,1.121996,-1.606317,3.091976,2.689240,-1.199494,0.000000,True,True
2025-12-07 16:49:35.555,1.234681,0.287434,0.356603,-0.966354,3.033164,2.811344,-0.624040,0.000000,True,True
2025-12-07 16:49:35.569,1.233914,0.275162,-0.252232,-0.981003,2.987039,2.933141,-0.314393,-0.099498,True,True
2025-12-07 16:49:35.672,1.176388,0.196544,-0.974594,-0.712749,2.963278,3.070334,-0.201383,-0.964157,True,True
2025-12-07 16:49:35.686,1.157597,0.186573,-1.886473,-0.777752,2.950169,3.211694,-0.151645,-2.948764,True,True
2025-12-07 16:49:35.784,1.008415,0.133267,-1.129320,-0.546120,2.971829,3.366809,-0.238574,-5.917586,True,True
2025-12-07 16:49:35.800,0.948589,0.094916,-0.717327,-0.436255,3.003351,3.529892,-0.409932,-8.866157,True,True
2025-12-07 16:49:35.899,0.941303,0.089547,-0.926986,-0.788739,3.031791,3.687542,-0.613035,-10.585636,True,True
2025-12-07 16:49:35.920,0.937468,0.086096,-0.945296,-0.987411,3.056671,3.833021,-0.829661,-10.997152,True,True
2025-12-07 16:49:36.019,0.900268,0.006711,-0.228428,-0.001373,3.085199,3.976302,-1.122888,-10.793551,True,True
2025-12-07 16:49:36.033,0.892598,-0.000959,-0.672465,-1.066148,3.110383,4.104818,-1.420731,-9.435595,True,True
2025-12-07 16:49:36.134,0.889913,-0.005561,-0.796063,-1.273976,3.131786,4.221979,-1.701466,-7.085923,True,True
2025-12-07 16:49:36.147,0.790587,-0.099518,-1.144884,-0.764935,3.169797,4.339826,-2.258401,-4.258778,True,True
2025-12-07 16:49:36.245,0.786368,-0.102586,-1.118334,-0.902266,3.201440,4.449709,-2.773158,-1.937325,True,True
2025-12-07 16:49:36.259,0.634502,-0.114091,-1.408560,0.586404,3.258181,4.554630,-3.789857,-0.524938,True,True
2025-12-07 16:49:36.356,0.628366,-0.112557,-1.467155,0.273289,3.305350,4.655498,-4.698616,-0.029939,True,True
2025-12-07 16:49:36.371,0.452339,-0.027804,-1.792172,0.748455,3.379749,4.752583,-6.173534,0.000000,True,True
2025-12-07 16:49:36.471,0.445436,-0.025886,-1.700618,0.459144,3.442875,4.848991,-7.386639,0.000000,True,True
2025-12-07 16:49:36.481,0.281298,0.048896,-1.537652,1.460746,3.529232,4.946423,-8.856114,0.000000,True,True
2025-12-07 16:49:36.586,0.267875,0.060401,-1.439689,1.143053,3.607185,5.043687,-9.885886,0.000000,True,True
2025-12-07 16:49:36.600,0.166248,0.190408,-0.533303,1.517510,3.697032,5.147668,-10.643417,0.000000,True,True
2025-12-07 16:49:36.700,0.162029,0.206515,-0.432593,1.790341,3.782034,5.251282,-10.951611,0.000000,True,True
2025-12-07 16:49:36.713,0.117159,0.362983,-0.499428,1.410391,3.872593,5.367858,-10.999893,0.000342,True,True
2025-12-07 16:49:36.819,0.112174,0.378323,-0.538796,1.596246,3.964123,5.482711,-10.850282,0.044604,True,True
2025-12-07 16:49:36.833,0.069222,0.524437,-0.298924,0.976425,4.063936,5.613182,-10.022769,0.281878,True,True
2025-12-07 16:49:36.933,0.063086,0.534025,-1.012131,1.396658,4.167282,5.739791,-8.286245,0.790368,True,True
2025-12-07 16:49:36.946,-0.010930,0.619545,-0.590066,0.080110,4.280977,5.876391,-5.677395,1.678807,True,True
2025-12-07 16:49:37.053,-0.023585,0.620696,-1.474479,0.209201,4.394798,6.010287,-3.016704,2.864778,True,True
2025-12-07 16:49:37.062,-0.155893,0.646774,-0.644999,0.152438,4.512371,6.149663,-0.980275,4.350923,True,True
2025-12-07 16:49:37.175,-0.165097,0.649075,-1.206226,0.250401,4.618325,0.010114,-0.126163,6.026748,True,True
2025-12-07 16:49:37.189,-0.259055,0.629900,-0.292515,-0.449073,4.712615,0.155780,0.000000,7.723067,True,True
2025-12-07 16:49:37.303,-0.264424,0.627982,-0.690776,-0.095674,4.792578,0.306224,0.000000,9.306843,True,True
2025-12-07 16:49:37.313,-0.267108,0.627982,-0.670634,0.019684,4.861075,0.457712,0.000000,10.583345,True,True
2025-12-07 16:49:37.417,-0.295871,0.531724,-0.010529,-1.182422,4.920067,0.586451,0.000000,11.345005,True,True
2025-12-07 16:49:37.430,-0.294337,0.517534,0.191806,-1.017624,4.972556,0.706182,0.000000,11.772979,True,True
2025-12-07 16:49:37.526,-0.173918,0.408620,2.058595,-1.231861,5.026465,0.801714,0.000000,11.941043,True,True
2025-12-07 16:49:37.539,-0.144005,0.393663,2.649119,-1.154955,5.078602,0.891730,0.000000,11.995136,True,True
2025-12-07 16:49:37.670,0.117926,0.288584,2.456855,-1.193408,5.146917,0.965818,0.000000,11.999986,True,True
2025-12-07 16:49:37.681,0.152442,0.276696,3.855802,-0.864729,5.216337,1.039121,0.000000,11.984376,True,True
2025-12-07 16:49:37.823,0.471514,0.195394,2.813001,-0.753948,5.315608,1.105186,0.000000,11.912467,True,True
2025-12-07 16:49:37.834,0.501811,0.188874,3.434653,-0.520485,5.419537,1.173651,0.008037,11.743473,True,True
2025-12-07 16:49:37.984,0.514850,0.187724,3.625086,-0.347448,5.526039,1.245579,0.095616,11.437011,True,True
2025-12-07 16:49:38.015,0.792121,0.156277,1.533074,-0.308080,5.673601,1.319709,0.487216,10.969147,True,True
2025-12-07 16:49:38.455,0.806694,0.155126,1.479973,-0.005951,5.824898,1.399273,1.303037,10.294523,True,True
2025-12-07 16:49:38.469,0.858466,0.140937,-0.403296,0.108492,5.985182,1.484660,2.621527,9.388031,True,True
2025-12-07 16:49:38.631,0.855398,0.141704,-0.384985,0.092927,6.145034,1.577323,4.298596,8.229301,True,True
2025-12-07 16:49:38.643,0.833539,0.137485,0.357519,-0.128634,0.019386,1.677772,6.136506,6.835476,True,True
2025-12-07 16:49:38.745,0.835840,0.137485,0.133211,0.224765,0.180605,1.786354,8.000421,5.269609,True,True
2025-12-07 16:49:38.754,0.835456,0.138252,-0.040742,0.125887,0.343446,1.903064,9.654810,3.652627,True,True
2025-12-07 16:49:38.846,0.796723,0.161262,-0.865644,0.251316,0.495940,2.026182,10.842284,2.172135,True,True
2025-12-07 16:49:38.860,0.662881,0.363750,-0.913252,2.759899,0.617422,2.138037,11.481090,1.134598,True,True
2025-12-07 16:49:38.943,0.657128,0.392896,-0.149691,3.149920,0.732718,2.248652,11.833635,0.450633,True,True
2025-12-07 16:49:38.957,0.562787,0.706600,-1.119249,2.281987,0.828440,2.319768,11.965630,0.190200,True,True
2025-12-07 16:49:39.041,0.559719,0.730377,0.102083,2.536507,0.921455,2.386589,11.999159,0.057208,True,True
2025-12-07 16:49:39.054,0.520219,0.988090,-0.745708,1.886473,1.007535,2.414617,11.996345,0.027799,True,True
2025-12-07 16:49:39.157,0.516000,1.006881,-0.096590,2.176699,1.092177,2.443090,11.932817,0.010298,True,True
2025-12-07 16:49:39.167,0.516384,1.016469,0.116732,2.260014,1.176105,2.473377,11.735300,0.001949,True,True
2025-12-07 16:49:39.287,0.471514,1.176772,-0.666972,0.325475,1.256037,2.481158,11.380516,0.001025,True,True
2025-12-07 16:49:39.301,0.447354,1.149160,-0.761273,-0.741131,1.335229,2.499692,10.851342,0.000079,True,True
2025-12-07 16:49:39.422,0.441601,1.144174,-0.391394,-0.185397,1.415795,2.523585,10.133078,0.000000,True,True
2025-12-07 16:49:39.432,0.415523,1.127684,-0.063630,-0.650492,1.497798,2.553830,9.233683,0.000000,True,True
2025-12-07 16:49:39.553,0.415523,1.123465,-0.030671,-0.336461,1.583095,2.587258,8.152335,0.000000,True,True
2025-12-07 16:49:39.563,0.415523,1.122315,0.021515,-0.319066,1.672381,2.622513,6.912518,0.000000,True,True
2025-12-07 16:49:39.684,0.433548,1.037945,0.500343,-1.100938,1.766163,2.673480,5.560122,0.000000,True,True
2025-12-07 16:49:39.694,0.438917,1.027590,0.466468,-1.164111,1.865415,2.723905,4.158145,0.000000,True,True
2025-12-07 16:49:39.815,0.440067,1.022605,0.271458,-1.215381,1.971575,2.771718,2.791171,0.000000,True,True
2025-12-07 16:49:39.825,0.593467,0.918292,2.315862,-1.070726,2.074059,2.834978,1.687623,-0.000042,True,True
2025-12-07 16:49:39.949,0.611875,0.909088,1.694209,-0.908675,2.181285,2.891307,0.825618,-0.023407,True,True
2025-12-07 16:49:39.959,0.618011,0.903719,1.435111,-1.198901,2.294267,2.939813,0.268369,-0.118315,True,True
2025-12-07 16:49:40.080,0.811679,0.786752,1.939574,-1.409476,2.386441,3.003226,0.057399,-0.409138,True,True
2025-12-07 16:49:40.091,0.827403,0.771795,1.397574,-1.653010,2.477430,3.056784,0.001419,-0.830732,True,True
2025-12-07 16:49:40.219,0.832005,0.764509,1.037766,-1.841611,2.566771,3.100422,0.000000,-1.298639,True,True
                                                                                                                                                                                                                                                                                                                                                                                                                                                                                                                                                                 